4.702458311861149e-62,4.748297077789337e-125,0.0,5.559239299216535e-30,2.1002250145525716e-100,1.2655422377671927e-86,1.2561405102823188e-18,3.3388117075322745e-21,2.1981599829641948e-101,5.480628135135808e-126,9.720078722644166e-40,1.7881615505590081e-28,3.056226997150862e-87,1.417438300457218e-08,1.8947207302763257e-55,1.1061844926292248,4.5701325652892164e-10,1.0827438825563666e-17,7.5685323940785e-18,1.9827572712766913e-50
0.580445842132822,1.5645314464008664,0.3583730258422879,1.4127688934516696,0.6158177223203295,0.011396312774566675,0.5633036891354047,0.15582363789715845,0.9464145375405587,0.5329833458699198,0.5799820889170262,0.10806234123194605,1.260667842427256,0.0,0.08856118751791031,1.2858439725726298,0.6163854048450281,0.8296268820538096,0.5005806793782794,0.1036598836738796
1.7157998764109401,1.2532833525511908,0.051163557272274764,0.07224486392177377,0.9141078355651181,0.9705962509262747,2.127970047136507,0.4046070561011033,1.1240637236101947,0.19768707102110805,0.2204350427134608,0.864844541725434,0.02537436656843163,1.0909523649708825,0.6784978009486923,0.07463710626721781,0.11338198091990712,0.032407279128685754,0.04832631214794668,0.4410188884013434
0.47130727004681955,0.1830804188959479,0.20671757371801502,1.2245403717929693,0.02742094295039122,0.8758585723733481,2.454831382552255,0.5940371169485141,0.032834802283354614,0.6746655307693229,0.7837336813521831,1.4471520869501766,0.2023725934818132,0.13830101313485782,0.023273911754992386,0.12075793392979114,1.1917997252849069,0.46291453135871447,1.1738471601884624,0.10404011248827426
1.1053890768794565,0.16499097680168315,0.8089718741608753,0.27706417611531226,0.42383829211023655,0.24875381399793664,0.0,0.26525639113649424,0.8375952285351795,0.10621227013019925,0.6877451222257055,0.4778229843095204,0.09327206695244998,0.026901816688665887,0.42597455308878035,0.6656408151749222,1.4792687954106931,1.1803330313026372,0.5362528349627547,0.08530027361078853
0.9316513005923865,1.7843975748043461,0.1801242331773459,1.0825538337270688,0.176549129144255,0.6609815339027247,0.3197360989041524,2.4225224190639927,0.9451964875575447,0.06896587391536212,0.31973592513873145,0.0,0.030007567262586087,0.13633735046735238,0.13974882751905884,0.2015401583846763,0.44000180606671413,1.5839079021661915,0.3193568411972748,0.7340483663657005
0.18569453930298305,0.2686731216122155,0.2973345503362929,0.7198922613551701,0.5098332928243009,1.8144366154779186,0.7747211795975034,1.1545834368033179,0.5109063946590501,1.5443107043513018,0.5644446386035162,0.07545006354834262,0.11529327205252836,0.04629189029050698,0.4516381684527909,0.5593142338564261,0.007986140827212643,0.2749639218369489,1.4048479708745802,0.47647049442450906
1.3935571691961657,0.41239178916795477,0.25417297442900905,0.009079545061609533,0.5512133834254664,0.028070883265796823,0.7291147073298572,0.8911117772540049,1.283557188453513,0.6585945013006853,0.19912880058210225,0.047568250944359784,0.021358957117789262,1.65046886294003,0.7273490723412381,0.1652955585005317,0.8193721074488306,1.4692720017264391,0.09740449638515049,0.03769730943800572
0.05985454460224654,0.0007244094982230076,0.33281628609941133,1.1387489977780283,1.3629502073744353,0.9765329733183613,1.0823026715504696e-06,0.0004634073998503764,0.08110549900071823,0.14723852749078298,2.0783472578810223,0.0020830286482683333,0.10657585153767718,0.07580057940171817,1.036007483050687,0.006445090220832762,0.08845385980332675,0.006775180116885874,0.023346140264488596,0.25036461976328683
0.14994466144700355,0.6206398907455466,0.1541757046700527,0.13973081443723956,0.9029006446524259,0.7101584212594495,0.23093426844483647,0.030737460769666256,0.34829859775478395,1.218411437389862,0.9590378329720325,0.6698997075143788,0.12906615116056552,1.1839462396398626,0.6328218808536576,0.5235346481647695,0.36442648525144017,0.7945332615808255,1.0389309340559334,0.37097719855995537
0.0006498881632394283,0.011082184395511292,1.6342247813997386,0.00018463517904520002,0.004218945896647532,0.029286703481945734,0.0016153595890253925,0.14041257760352432,0.16864496279192173,0.005453837458312379,0.7942129943299956,0.1292197989713322,0.19869524273193886,0.005629534675717047,0.8215395374531923,0.33383988701874096,1.5997771621733723,0.0009036420898283001,1.4710720125217545,0.0004962483765502321
0.450957004683113,1.0809188813555248,0.554050973394745,0.26798519542759325,0.3289612859646592,0.12033606012498727,0.23562335937134055,0.0,1.0585404647927574,0.9818444962772327,0.7672640381635687,0.6349376548540947,0.2913496133878289,0.13726241142468817,0.33768957321829507,0.8840151709061017,0.5130679567370529,1.3024816438347844,0.6829344409196205,1.2429743784635956
0.11186754207482481,0.8261611288140638,0.24543441380923228,0.8635393400720837,0.015604249156974233,0.12942131278931227,2.1570658596207175,0.6945913432265889,0.15310161320657426,1.4750169576902703,0.9373528147077224,0.6031605631496552,0.2167035843106304,0.5485060609815123,0.03367340006842058,0.09104584299574751,0.7970916886424286,1.3011846905610516,1.1525638737708885,0.9167458880145417
0.9427814096385193,1.158577210323497,0.18242549443014075,0.9238945897174193,0.4502688089457478,0.010524558880785222,1.7280723353255543,0.5241079344662916,0.008322631187198833,0.2425336468051982,0.4118650545150525,1.4591950851084867,1.328903377393749,0.07672524220374329,0.29047742888441236,0.29480778855025824,1.3699869409896668,0.578050563936896,0.016120342693378913,0.39549735940983116
0.5880625090014191,0.7524296399526822,0.4243148109254934,0.29118508533088017,0.6983097988299598,0.41068805650004797,0.12747655656645224,0.4923068302936734,1.0273301955255003,1.2494430853173455,0.3104677508985665,0.7296217071553437,1.0861757879242449,0.0786287774534276,0.7815641515408983,0.4380211993308109,0.157708312910235,1.140541580743543,0.37407698061161637,0.41633864842788726
0.282965059427273,0.08383793885755243,0.9391795007929744,0.04738257835741507,0.8688959811654271,0.12277895377886021,0.4927812139146089,0.2789349158886589,1.4559276082234047,0.2068856438781529,0.13421917910770217,0.06943056940983111,0.20817166264582546,1.1055120120089696,1.1782008807151305,0.8328409326461736,0.19950983101184058,0.2973786957432783,0.35535589212282476,0.36598008605379806
1.3700485344804032,0.07171006594929874,0.08569975019176704,0.30327563210680986,1.885481583458005,0.5470101700222645,0.3625631988375476,0.18073902778328466,0.08830717971379086,0.07079524518188841,0.1965450019067177,0.24474219734901664,0.3438116869212294,0.3922380513647223,0.18084973000906257,1.3582099573863113,0.61896838504154,0.58802403939769,1.2827547692503976,0.15894182096276227
0.32988614659563614,0.9917096042531143,0.39301299952326346,0.1528870001790608,0.08063503009599991,1.2301537677574552,0.8791776238132479,0.017941150593752626,0.4814071761707417,0.011512894040870986,0.685475799359414,0.8424342444240452,0.4862409232306428,0.00789991972246969,0.3895065187825945,1.5131404776086823,0.08081375739288457,0.07894751766736328,1.3257328584802364,2.034401284356976
0.5323986535390697,1.0187480434180263,0.04360193560554846,1.2439631939010227,1.097565512696904,0.07794506201249353,0.008164704234879378,0.49793464927903064,0.010752904676438068,1.256164565071729,0.4205126107294251,0.2435789721226437,1.9811442819915142,0.4621514567485807,0.1916651981669328,0.4394417599767899,0.027392928586030624,1.0608253560418128,1.6569121705133338,0.30109303047364055
0.5159719065857215,0.9536193803537532,0.042743191762811106,0.48700282923847277,0.9782796855944239,0.27361582161080183,0.6558992769838035,0.42965045252455897,0.42397709025377067,0.6778418387729831,0.6496413970958202,0.8112156089468678,0.44172017864538854,0.7359529593159481,0.12790916980556727,0.36543576648435644,0.8829622993777916,0.4115723056416595,1.1517989429278563,0.3293846600632499
0.1903295739116345,0.18013375188334302,0.09033738170943995,0.41579205109261236,1.1245703168908467,0.41286427785001945,1.2344920529186194,0.1396724982581763,0.5738977800189546,0.8989646272955004,0.9993470932968742,0.16499617480327,0.6146304068107742,0.6291749520985742,0.9219503123115121,0.06803334523907394,0.7808328595809652,0.356625664288868,0.07668887148741185,0.20928392885537722
0.04326252002238143,1.0014808889791944,0.06190391352839796,0.8956217242969776,1.6620820319139975,0.06656936503485102,0.1723402603033751,0.038993634390266665,0.6320873120919287,0.760689553216685,0.4115123845196821,0.020620005077278486,0.004217113564385596,0.014749491641690983,0.5980120145748139,1.0472093731147023,1.0448228315258294,0.07065091196380052,0.4510015106789591,0.26626697893770074
0.7850027016726118,1.0761631170904822,0.48644325059728893,0.14518097728655735,0.23919241258594046,0.49733928284803314,0.05554957195734816,0.8313218148406983,1.6409157744629363,1.2141354883801774,0.08377212126707677,1.1374397152124345,0.24446938850229227,0.0664093364918631,0.5019232358840974,0.2962920685535294,0.006869654658288341,2.5755095906058156,0.37036665922286194,0.2915022516611952
0.3235580433671125,1.3980277059666095,0.28491289242371637,0.521113391111966,0.7160604847953648,0.12362167666553532,0.19798240733038117,0.602098411896715,0.6875329752448301,1.1224734966655012,0.7519053634427537,0.7008015389659459,0.1653340942195663,0.7173584681533066,0.2016952886052745,0.0536883188815813,0.692958454804743,0.7827187162236344,1.0919548269707904,0.523938880397117
0.0,1.2766808274435522,0.22683022965598987,0.6672369710473517,1.294187513192142,0.8941499339032197,0.027047103828040646,0.20176476101674962,0.058087317966906755,1.8388202517060415,0.966478074841301,0.2887505415698052,0.1940777348409208,0.47172905612172394,0.3588648334761538,0.28418917457761345,0.14934179337780343,0.04640016736347351,0.9908376338542884,0.9337230760020749
0.6418452145016845,0.5896198747139955,0.013551709755197617,0.007857236475088743,1.7998725262670638,0.11078314324795202,0.026215852946926566,0.21338337660869042,0.7093223915725922,1.0986334277869778,0.23207628422192128,0.24032676440305917,2.0757132857777325,0.4191988020015019,1.0600392440327053,0.6003016170988871,0.2571135050682948,0.32534407622394507,0.0035667908067667847,0.14903842988178495
1.2720141489524743,3.658585955693733e-05,0.00610556732430246,4.0485049793781047e-05,0.1861411905074347,0.0016147613277652834,2.728298593458488e-06,0.0052428481986371575,0.009123513790997328,1.078911337948631,0.510495243700855,8.853252175545077e-05,5.455502174744894e-10,0.00015284033290389112,1.5101589337136705,1.5245821767386587,0.14599425836064153,0.004442794514776584,0.11119386399488988,0.005929642163390182
0.4036488570022512,0.92336888662577,0.13559476910430884,0.8635917782896602,0.8367322653776096,0.2361236346749874,0.33403301480533126,0.41417780452389796,0.56586673974543,1.1028821595101088,0.5633770352317164,0.323680298343861,1.1885938849301343,0.18860854408826763,0.2558617308649721,0.7057214194767835,0.19334710124706112,1.0572032452197593,1.0791275628774448,0.730921744165248
0.5909533442953055,0.00035198716556226334,1.019154686820482,1.1028876843106785,0.30833433944261884,0.7663852727077218,0.3686569769333572,1.5800347254443035,0.025862141947345887,0.25754556190222944,0.12399215263389607,0.40327839953813804,0.2849551975795941,0.11105071046130646,0.9729707471068444,0.054934008657152374,0.16220886938401527,0.18894417587849696,1.3986110881523353,1.3355868360071745
0.11952192749620365,0.5216026673955302,0.7141966673071837,1.1711376457503055,0.5332872661368567,0.7705849539930544,0.4187182206792592,0.3580667371792458,0.23846624419518148,0.7580738599747961,0.46111712567669966,0.7380798591330732,0.7159251904617687,0.0630424600924787,0.3552112780806058,0.5557741342283474,0.07793815972440836,0.13687216089534554,1.93572973083677,0.91949890886375
0.17350936117340032,0.2087093525896414,0.4772545694717421,0.006315455527035397,1.8981547696201702,0.36582804878025854,0.12128218227770271,0.1013192551263382,0.6584428310051648,0.63455785851667,0.10745655885592843,0.860539072196197,0.7639918264945932,0.1124799714274335,0.2954319767441643,0.6477165269421354,1.0520659819347196,0.01269230729451003,0.023237349590828158,0.2562247508481678
0.3384637618814056,0.35447618589803825,0.6565567524089125,0.693299860707221,0.864578097329371,0.5647371842884542,0.18323667101200306,0.6405690373850554,0.36155305331359805,1.136310520579144,0.179402711362507,0.4692761355403323,0.7023352104690138,0.36080193702673763,0.620773050443121,0.5729116821270435,0.17413039712738185,0.9945670513089283,1.0829352191270518,0.39863718211331983
0.4907796589698328,0.7895172583610878,0.6788682336795695,0.09038737856734683,1.1270581829580641,0.05558650422381121,1.2110446778356423,0.404921966433769,0.24763002935143968,0.35696099434728723,0.07388314831372811,0.8384622960308058,0.07802530873839625,1.147680469730866,0.48503400953454007,0.531814193286299,1.1505080007076596,0.3305388434805243,0.3561228909880178,0.3189370208319394
0.13772210723612288,0.012092914311976472,0.8335700235887211,4.138498431237945e-05,0.03161424527452308,0.09562486770661895,0.20245458575964817,0.03521215368814885,1.2109084048686536,0.030802171887538216,0.024117754291222225,0.02316727726840107,1.6330648863524058,0.02471675563331507,0.2435195263010011,1.3800137542924786,0.03949809998904319,0.00724044924375057,1.3908264457365698,0.8626580314384183
1.614606266030923,0.23815769466068215,0.0623055475728978,1.3750238375840889,0.4028781946480481,1.3462631297758347,0.0398461875830355,0.13516580950865945,1.5179346183720157,0.7405382948797675,1.1480450217533875,0.0245048858411889,0.050532262844469385,0.0011712427243136033,0.26706297130434886,0.1969336978891337,0.7266137057496739,0.04003953407529354,0.01816050571794482,0.05822625969201669
0.5257641954471727,0.3356254392829568,0.007106275742663199,0.5530213295285638,1.431950053971291,0.11663852382876956,0.5358819625828349,0.7636214437778395,0.7081481509443422,1.7946900588789885,0.3870904547817937,0.032156130728170286,1.7647272817752602,0.17459762390321606,0.7705824587755152,0.07622135933621255,0.16215744006904023,0.9244412996342218,0.28409888474744593,0.1477323987076137
1.1694200444376448,0.43196563079947753,0.8265340046840525,0.0087721287438568,1.048309379144989,0.1703244822676721,0.3818865900330722,0.5800283461594408,0.11215219456098073,0.05492038581476825,0.3043777850711527,0.5791397327716798,0.14288489730624088,1.1903871463364772,0.11768688146940229,0.23026792544814223,0.4326685628259785,0.9741535397028975,1.8255513408338027,1.7515373761183843
1.798866131501281,1.097015000167703e-06,0.0005245256088332568,2.1336994210810483,2.1054305932735143e-06,0.3163934727748555,6.363719027452627e-05,0.0015530973897693175,6.333554632195465e-05,0.1492175970793928,4.303568966598237e-05,1.428346708637428e-06,2.003942529362319e-11,5.702811371798668e-12,0.059819811876951845,0.0011393922511327358,0.1531490152512109,1.2451822248843425,2.86314522868442e-06,0.5756177081453314
0.7655571406398614,0.3467802209119885,0.5159414622388037,0.5906476402273169,0.3144165906915351,0.12144807049367894,0.6285160960028324,0.03192858799291994,0.7527432641542822,0.1135438192493786,0.7939101397758682,1.2857761618346328,0.20189308133127165,0.3926528190706594,0.584389449617797,0.41619041434712567,0.49325824161472537,0.8411147915227409,0.7128255574519579,1.4306276930088264
0.7099936425615391,0.21643766105967865,0.5074030908369312,1.0845759923455829,0.4353851623576822,0.36562252813324786,0.9630916989936578,0.003962408079332191,0.80768536028007,0.19232945141624344,0.7160927225961449,0.36262635358288825,1.1037906297824596,0.04680788884608936,0.27923128454883195,0.6962255110552433,0.9821449033317166,0.09904250782568523,1.0959628594670914,0.007102273354494872
0.006957448458849993,1.0958667078880265e-05,1.5436061159668067e-19,2.669920363784739e-06,1.0689319147540088e-08,1.0800269336289232e-10,4.1149644330014776e-16,4.496989804476119e-16,5.03404564429427e-13,0.0007027748203977578,1.5515581816088348e-66,1.013964167938743e-20,1.9059166455722077e-07,7.691992377062229e-33,2.2016753958602067,2.5441037900277604e-16,0.8041983603647574,6.4685731765918776e-09,4.615391954801295e-12,0.005060242808987602
1.3640775537548278,0.014053153968248177,0.1141895405824464,0.1266047247492204,0.9535563304698638,0.12653518648810186,0.0,0.027611482701584315,0.6096910928420409,0.13568253687430773,0.7292660580118102,0.3208462782246202,0.6468596161610211,2.1658397391347735,1.1819839165440391,0.3197259637554464,0.06718513799962259,0.20258836620380438,0.671962726526472,0.8254776828400574
6.320553580839437e-16,3.8828835612585205e-18,6.181088357712045e-06,0.14056032898638487,9.781674234686929e-05,0.11460837154809662,4.7503261824891536e-17,7.897244227267933e-14,0.41555217683528994,1.0279443325518065e-08,5.298938119580953e-21,1.5653570914879253e-11,0.00011860640992547385,0.06727327045632596,0.0024624080366622775,4.709982111952797e-09,3.6403147386561567,5.336615203019133e-09,1.7054401077526225e-10,0.0023284960911037524
0.14007292548945485,0.001665755297750082,0.0019580340093042566,0.12505524664347503,0.23287608066943574,0.03297185686101367,0.0007989956930417303,0.05936084824327508,2.21692270522491,1.1143447914247462,0.5883916249959509,0.438105495353448,0.02108011246323155,0.0016472863259058888,1.2015491962666789,0.050669065129075,0.7986801475642263,0.23725763696270433,0.3629248801081578,0.443064880731901
0.6485783309041367,0.28827339697179416,0.7838756964920515,0.6736972423935363,0.6715187894029244,0.29385952447383845,0.02253978181237046,0.9294608620503234,0.008563298331685688,0.7317324626166203,0.2959964376022855,0.191706434973992,0.3526134968364225,0.9759740750328136,0.4266537732821173,0.08401446924570925,0.7656915453578479,1.048018469426833,1.6434037197402185,0.23476492233552632
0.08243109261986999,0.0018507137057848454,0.5845906192763733,0.19010954764401766,0.8443926897654543,0.3791814857079935,0.8147280717426337,0.37366998808228646,0.8268612544697157,1.7775580064384444,0.6315818113120678,0.09153168550172758,0.08598024538937128,0.2238114877753459,0.6767011876921137,0.9754229740282095,0.5902326805251799,0.941546016126824,0.4004027146904604,0.25818562494625735
0.17016092082320544,0.10800684758594752,0.2536578491721359,0.07342826774502696,1.2117402890992635,0.03542823472366002,1.2081176511689167,0.03853033522725832,0.598862125810862,1.8664878221042327,0.7390146257546716,0.035324619096055054,1.3558583134303492,0.007265666328866026,0.5959861308902231,0.060200109204111125,1.0749027271255427,0.3071975034192482,0.7237661366519038,0.14603514648679466
0.32654273003644235,0.039348915296880664,1.5284872716578828,7.341271864863133e-05,1.1294015399102262,3.006654634069715e-05,1.5591280846672852e-13,3.3059310678866557e-09,7.449818112479426e-08,0.5143803223405252,0.00048673773572343145,5.7848330030513e-10,7.271735944981508e-11,4.0658771735790976e-10,1.1223391808813874,0.024677764671339527,0.8398373686299815,4.224308728286139e-05,5.956090452353678e-09,0.7626310828413637
7.862079543230145e-06,0.7168574764564973,0.00041826854877116714,5.325897846162945e-07,2.964886764448403,0.02381439020306883,0.002340771258053831,3.431269625956482e-20,2.2458812305663699e-07,2.7889954321340597e-09,0.0021795583058610356,4.1425865997738204e-08,8.095608812745098e-11,4.3504859308112466e-14,1.2713790344575544,2.0525417646635117e-08,5.159071889100657e-05,0.000257969333363288,0.041168213635981686,3.2666954080637764e-06
0.09525335939328959,0.0002548211496679147,0.04369100653315479,0.6791680500826268,1.471783948626361,0.6176752896613952,0.007030601222766229,0.01486801152030273,1.1344224080017398,0.25607762493526326,0.027211426974034433,0.08602582191022252,0.002507328755501947,0.2804452671274554,0.03677657762125639,0.03375556253449218,2.3331348731101036,0.0002600154424658787,0.0019933476228989493,0.07617372024011136
0.5955055441386703,0.9203485724574745,0.6400541532932463,0.3210912012156799,0.5777849998684458,1.7118075091727463,0.322484503808298,1.1448882083582554,0.12452346384026049,0.9379420509344354,0.44061346506385674,0.04893862278780178,0.8943677870776423,0.7479523623261862,0.95250591469581,0.14610388057676374,0.01592019987200914,0.20688664288390612,0.699090833163511,0.04670956393247377
1.0791405066920423e-10,0.0017722870430703216,9.739712232798315e-13,0.0005097421375369136,1.421003362835982e-10,6.536882902203708e-07,8.813820507313507e-11,0.002596920354746302,0.379992491579697,4.3742772401362145e-05,2.136704912199501e-07,0.006738454559029611,5.055646630294144e-06,3.2669606463689728e-12,1.8791412191298085,1.1103633458580112e-27,0.00047237943080029554,2.672626916315477,1.579308745822139e-10,0.650925975654206
2.0619610519659783,0.45434239549867694,0.08028535784986625,0.42771580946076154,0.5181332898464975,1.9385061907059324,1.1256194014185186,1.5047954413081774,0.5308197404674309,0.36029913909100836,0.05446392645619576,0.10453449254321485,0.06168736900066851,0.33635256958894544,0.1939590837955004,0.7484423703223855,0.06235242511994193,0.0034115469694532123,0.7664041528159234,0.443946911554236
0.6271929673245524,0.16519576798653132,0.8032875262189697,1.5174150567578033,1.05247103494493,0.9871154066961737,0.021743342312762655,0.13244969754210079,0.022952605939051022,0.41769428052335233,0.9764430493228043,0.43156636939423054,0.1363380796292839,0.22966169062564482,0.8461263061280572,0.046614575697233214,0.13876827478627674,0.8011933622052794,0.08742902273165898,0.00914397564285469
1.1651678717518277,0.004033968952274906,0.0058162191502477215,0.002798162109724716,0.04844325766865394,6.208246521783822e-09,3.999411252054953e-07,0.11309310415939551,0.31036436306767723,2.204488541492508,0.008645225684085633,0.005287425689718205,0.00014387929862607092,0.1974990898199916,0.01713032670897461,1.644435195659376,0.4351195771096614,2.3986812994774205e-13,0.3270744748181896,1.4383754256025646e-06
2.115031941293905,0.0002179715950089654,0.08059594221778092,0.000168953417124291,2.8806875216701764,0.055502337316597546,0.031242921133098,8.717089211843241e-05,0.30208344672849585,0.008796512573121522,0.005716118509296776,0.001006246258292666,0.0069757271554594154,0.0030252653497919012,0.011914771423164206,0.001267165481245125,0.0010475428409057114,0.0011199366928601713,0.03794140129419904,0.01954857867560506
0.14952577325088728,5.200560540501468e-06,2.110394326914333e-08,3.326692064199904e-06,1.5632499634116477,2.5167649038601574e-48,4.27019205527889e-07,0.006608319849833033,5.200699898718611e-06,0.19505031937500808,1.4358674589973117,0.00012374621452918558,4.5746278976027596e-17,4.1914000445862353e-11,1.7944963307528057,0.003601356338594407,0.0003294022091336222,1.9000881837375088e-13,0.0001976216871036298,3.653636677912997e-07
0.03728953809303373,0.00776525207795057,0.5246228393954955,0.037381163841366236,0.816191101577427,0.08973633194127262,0.24171498980229644,0.3234061568248013,1.825910456068319,0.6225585526043801,0.3961511715787744,1.242633197692499,0.11911719947682246,0.010445460422410105,0.4738832323319287,1.0222818374766658,0.6312862887774814,0.4645307767669875,0.009929317816770906,0.6914043010075309
0.0633578154571994,0.025922151712184868,0.7767246240738287,0.1074084014270854,0.8673169937002738,0.8611604008886952,1.0329281282892282,0.4923122894883075,0.6883775625644324,0.12410535585002187,0.5267527015026047,0.008921767329900082,0.49915758006068733,0.03991584387811973,0.6084834736009682,0.7469184027337925,0.8890672980037749,0.07399953533063951,0.20810491184603386,0.6635363767152591
1.3059495970894847e-09,6.927438954552023e-07,0.0004975191673752909,0.7288309053763137,0.008131220145565542,0.06841229941520786,2.8456090052350844e-08,8.319015789609032e-09,1.0147454319212732,3.402797450135709e-08,7.022284267875169e-09,1.1220790812002954e-06,2.647014049878478e-06,0.0033383074646874847,1.3012324630874952,4.590802579630897e-06,2.2022063449454454,0.0008621226076649514,0.003340525222834316,0.008713831248039783
0.08506585209179267,0.06128414301570504,0.6037406142684295,0.021307628694302916,0.5913764872740346,0.22879803246984798,0.0829595617456246,0.17592188547511708,1.214221392449783,0.03258482368792064,0.09354428118505952,0.37874066880616825,2.2306446181119868,0.22429317987625172,1.3557002057575536,0.12812491286877933,0.4441650672485185,0.2675098639158712,0.08296078325999334,0.9711481856825016
0.27913311222781,0.9157068450221776,0.2820359684838152,0.5307464897703917,0.637724827383242,0.4481071671950089,0.6239557250387051,0.5164062995234608,0.4822647049533961,1.1061066252629033,0.56159240823144,0.5275269145417703,0.7977302604184329,0.5560479529019988,0.4820865315659805,0.4276439329749089,0.02384091111267506,0.5753050527049015,1.1744076243966968,1.2386754198427061
1.6305839962007105,1.8375186165106372,0.0023577396393961265,0.022873460911612818,1.3429876557865508,0.8933987777096465,1.0007936801221744,1.4466831144717236,0.2532768252089617,0.2101828147989229,0.18399765839624616,0.13322235740439609,0.45428389301615735,0.9492454466851954,0.33918109279495,0.18578980376780593,0.33849848293119317,1.176780125880959,0.16650398364299507,0.5432757678556812
0.4490145124443432,0.002638699907062791,0.39496994134848434,0.4732209802182574,0.7229915389396643,0.02696127167559454,0.07324735706925296,0.20479670704369582,3.081371598546583,0.32861474760421666,0.8031248348626577,0.02487658053443592,0.010668648568162067,0.9313884786805071,0.4831625430114898,0.21667934013183796,0.19092022926379965,0.002532426791403358,0.05410322154209299,0.03616157913179125
1.243746377210892,0.14382936405619992,0.5262696234792937,0.0889886203061516,0.7321004703848106,0.3962553346460315,0.026665351911285773,0.281193423898139,0.6562027700788694,0.3341932824759704,0.5836358559588133,0.8740761266678312,0.25984608818838767,0.1409981790113884,0.0,0.3509067475393986,1.5006894164916142,0.7413711995607738,1.03066894454674,0.14831703505904179
0.6212198785678175,0.30265264056869434,0.8860263994578191,0.26171143269494695,0.6381931160619922,0.6010526517864314,0.32679741745468505,0.6015371524287124,0.27052932577774647,0.26852332726995576,0.26886567391338034,1.030911856160648,0.12108353542037917,0.6112867378941079,0.6856633940591202,0.4161873010372834,0.33888837512443715,0.6528020592369349,0.9809416309240216,1.0645982097313642
0.2065589119767891,0.7841617158482492,0.5986891741192787,0.6232402662147648,0.4991085698642781,0.030800947853094316,0.12447269662033796,0.0916566051477223,1.6659754132950901,0.11226725030823624,0.3474522912368168,1.7723544002819784,0.4214501356808155,0.5690208899091657,0.6028582333109916,0.24393775808964216,0.04426854298458125,0.9289766481089137,1.0949884166205819,0.022412626840331656
2.601164419559818e-08,5.193069773378142e-17,0.34145997485284757,5.377848500086842e-10,1.2538006878748378,0.0064176086816740505,0.00044129243577115574,0.038249766741204325,0.4105627061538475,1.6469890004888088e-11,2.5887986994527394,0.30973828992754465,0.001548695027414865,0.004188269984778293,1.5253109102177565e-05,0.04293588401062569,0.013648459194454942,0.0001610463090007751,0.008862994608074527,3.947582895275936e-08
0.3769082938419289,0.5670554379490024,0.5628772629308164,0.745881435613062,0.8654231803204488,0.057118326254754354,1.2364269472476255,0.4517474614280138,0.07806841153144127,0.9511290543783002,0.4211750204627934,0.6327090141478693,1.0138375709896268,0.6436801268614968,0.6256324733339951,0.2674210023383485,0.7200906216368435,0.07997607725611071,0.7747572480745071,0.33511720390813693
0.20652064043202334,0.6904273556730962,0.16272099859216943,0.17919198492588492,1.1351945251684539,0.4916499998401034,0.0379398186316753,0.046614420207437814,0.4669496794181779,1.1502011008695212,0.9184372334019562,1.1564038100125893,0.02710020183975297,1.3046546606814806,0.6220445383376009,0.1801766487293668,0.4689249022411519,0.09282266867615092,1.021633340052514,0.30000927724616905
0.7951317265652644,0.6748891977706635,0.007439201382375054,0.08560357472731749,0.3161136793178936,0.7403720010051209,1.5099740849255725,0.10005104917295364,0.22197070080457446,0.8958829263187721,1.2442273846250549,0.12113161276995531,0.037152425040581534,2.5742195418171083,0.9704806958033934,0.1307198662702447,0.04960322732243276,0.7170172300397385,0.5899521924089448,0.6949704477563327
0.09736079593360236,0.6123018564826063,0.8168038742274629,0.049073843387895166,0.16821941932386095,0.6435809512980681,0.1268844225726253,0.30400736764523,1.1743856295525044,0.06840044365019744,1.5776688171943885,0.10940350967017834,0.4477045112411288,0.09061648733956856,0.5754557875945553,0.04690750195964948,0.8798869082615045,0.013077178820964156,0.492302722095061,0.5220877893593506
0.0042870933976384105,0.0001407661753765539,5.955880189648803e-07,0.001640535972330139,0.009946930189785838,0.00687254451833583,0.0005698595485129755,5.5646236747588455e-05,4.3808834948855665e-06,2.5240009631323923e-07,0.0003785213401387261,0.00018117659989312656,0.014718327727276688,1.2621655792522985e-10,2.7555683015078007,0.09116425537984695,0.002445276885224704,4.578373830898835e-07,0.002834226633703482,7.745081618737777e-08
2.8915257337012753e-05,3.4373660333422526e-13,2.4420881522475693,1.788310587734936e-14,0.19953724148099714,2.068299193825092e-14,8.83596775169315e-09,1.522598272704684,0.003103744185127789,1.4830708758492107e-05,1.0440080768413182,0.0016428125588710903,0.0034483522274770815,7.830900330761123e-06,9.11156782898445e-08,0.04225593330418094,0.0005887669665231454,2.368013057433045e-14,0.0005663378381380628,1.1032441042138813e-08
1.3677515802252926,0.0017067005995336246,0.004716981454457905,0.018571435368229267,0.19264270224328706,0.0012475857632962882,0.00022897270476499287,2.083328405114829e-06,0.00036755970297694683,2.658168491653318,0.011687878155965456,0.013509524920064042,4.243184764049872e-09,2.8179110180759455e-06,1.001690682620114,0.09459391634989733,0.06276966422836022,0.0007496715728609365,0.00024023516285861496,0.005633488782205081
1.1792464678061505,0.22187908851715585,0.24431706608390721,1.059828366747323,1.2602568907333138,0.6132572152276601,0.23709236730321873,0.2830805741501643,0.2306814119126716,0.4736639206704766,0.027119853166372197,0.8720402121189882,1.2028618522932235,0.21630541593163138,0.3783120006337276,0.27368408185208765,0.11106689893920045,0.4621828069375427,1.5639790069868817,0.519437047090355
1.1990238369357924,1.2243168086921918,1.730614628357407,0.9236304177447641,0.1832628265147933,0.21474186450882535,1.6779851266480346,0.7232712170613828,1.2351515121407406,0.6152017968352238,0.02061546429623262,0.001863486950865334,0.1476372500511994,0.06740263420218906,0.521429236599867,0.7843824840457637,0.3747919484349313,0.15993234131545228,0.021686188528904752,0.05338827489032466
0.91184369810285,0.3287471147185845,0.431483169399307,0.7316937109084078,0.010905077753806457,1.3569090789195029,0.09470096826127504,1.0901497821956396,0.5428911557841982,0.5670862132251505,0.14077506450224994,1.8981132144144282,0.00418111312729305,0.21021604685992729,0.28239447650091937,0.12179070715266295,0.27562237824644,1.3618906169761802,1.6817176038635364,0.13845922203749153
0.48578199640510156,0.1367473514915562,0.7214060018891576,0.35277342096126857,0.39680866581479163,0.14932444390775348,1.4764143571105477,0.38267580957017294,0.8706032453945057,0.10025798430034501,0.49196485662877765,0.7582900975331976,0.37136218493574574,0.25915080225360615,0.5451457388940536,0.2431693241175442,0.8752389061195067,0.3901061165919093,0.4006589101919988,1.2572870507099025
5.2831703956738985e-06,5.071285915343536e-09,0.25509595718205935,0.0003394943469607465,1.9495964792583769,2.6309079195608007e-06,2.4752300684591817,0.0004156557565405264,1.9654953292794566,8.296447265104871e-06,0.013517301701852648,0.0006125965453519374,2.591015941862406e-06,1.6912011663807002e-06,1.5954502237227033,5.1585462163424306e-05,1.0533784611956962e-06,0.0,0.0017808762226609073,0.00026684120430626687
0.0001131680762708269,1.7964973111611862e-05,1.9620647868540926,4.030730787882415e-05,1.0292002486550202,0.08682003477349332,0.42966868559013316,0.09280718998547806,0.4682822598769422,3.9650494074502805e-06,1.7267730086889677,0.025136744455596657,0.0039007454806039127,0.09449734485288093,0.15370740334772698,0.0014759885395991342,0.02121888512929529,0.6823642357779522,0.10173134004531051,0.03571480373125618
3.3513875942444447e-15,5.385019610717172e-13,0.025259591843030914,1.109758475937344e-12,0.38734408281657245,0.008764784567322952,0.001026267367812475,4.169389725183024,0.07639433243771443,1.051582897332537e-12,0.058654016698249364,0.9430478915096335,0.5835495178555142,0.002651542932582617,0.030874406879693946,0.05554913923202289,0.11499067003076291,0.015750793033825806,0.2269497100475064,6.02604512380005e-07
0.04618389123617586,3.9524486243504944e-06,1.1722910763992835e-05,3.1259627006704523e-10,1.648771474553564e-05,0.00303710709775823,0.47297807575991513,0.15416457464347122,0.042766219724927924,1.5644217011248648e-07,0.0003085527136758531,0.07759159408149574,0.02763426600606086,5.785807581280573e-08,1.6228426722428948,0.15918450039526547,0.2194357788213364,3.352067643756467e-05,2.720899311403783,3.896287014383225e-06
1.5842630500906705,1.9610214931685133e-209,0.0,3.764989562818526e-293,0.0,0.0,0.0,3.622432747780634e-103,0.0,1.1772581210872837e-44,0.0,0.0,6.952218434362129e-10,1.2559135163407675e-12,0.0,0.0,7.701694937749754e-201,0.0,2.5312751475806676e-08,0.0
0.0006568645814274634,0.3435641810224357,1.671688121674588,0.2624978465292255,0.8126316137389364,0.0,0.2787435079575589,0.018316411256687013,0.9925662271313541,0.2723663130780076,0.032824510651631375,0.06676189746086154,0.41342492700042976,0.27161553066783706,0.5777434167942512,0.7589313117122296,0.7831801725062103,0.8880609684097696,1.00347008772706,0.013737040472337637
0.30502114925934126,0.7116503500327361,0.8538071523161784,0.012007066909778045,0.22218012923266975,0.24118701853659885,1.253328444218638,0.31680142542939443,0.1491564502551833,0.03021773847426686,0.18182970351338676,1.894096278967491,0.9133641664437895,1.3780517937906078,0.9699938273385803,0.44216649779007716,0.06561599420470507,0.006392659333667248,1.3042771336943366,0.3224454650408647
0.7439127609009744,0.2455684503934791,0.4464769044438767,0.6213726251670384,0.1773470570568755,1.2443482846119014,0.8616451547549159,0.42341827192616216,0.38468174849752307,0.9432904369403777,1.0948841038226516,0.20116273817694233,0.3062556808108925,0.055077215387892585,0.0,0.6254382695137011,0.17133610657806211,0.2120305686356804,2.1966938453409925,0.6992998938879705
0.02561656913410772,0.00011925466647213122,0.04963088205105551,0.08672815228357071,1.929226727809398,0.01262030770399712,0.32520064573304014,0.9204646322371944,0.0820992124472667,0.000672850501133432,0.09183217085431733,0.559331188736515,0.6354459844576176,0.043375833229405934,0.5858608305565295,0.8585863034766108,0.9313086477959414,0.022720260406422915,1.1768606267969803,0.016774415745401745
0.12379797658884827,0.0007529340967434389,0.0032942019136164005,4.122092298403186e-05,1.734390533661773,1.0433335885043957,0.00021923862816400482,0.2030901160666149,0.18214401630986266,1.4584661971996001e-06,0.8278461963943836,0.004420368260679241,0.5367814833385295,0.22974276409435251,0.1109331905597008,0.06242487266106704,1.6729390768796484,0.3744314097357618,0.6825450397580302,0.03099872920849763
0.8022753423214217,0.4650579388343756,2.604418062171314e-09,0.0005477406700496936,0.0035620959121684045,0.00025619528363077666,0.0017682264807612359,0.013043404013717324,0.0002461179400975921,1.784597471942871,0.6210793110509992,0.00678897952662429,0.02206501827997407,0.002642851428035874,0.40759424256422816,1.6811550999767506,0.6310164154495757,5.950578701787311e-05,0.4103031852127658,0.0008892923238190689
0.0004348368434388342,1.7749327131214968e-19,0.0003980222522694168,0.020644671751699085,3.3226581777847977,0.47496082628093494,0.0032351243687576015,0.00010621189043332563,0.09173418385225923,8.696687166512324e-07,0.0004890818719647337,1.5075661434960958e-05,6.49146994560764e-06,0.0001914946251789962,3.7700109775548794e-05,1.7992084900520514e-06,0.0062612914701609575,0.037666036782392096,1.1302771063457665e-07,2.1322839994441148e-05
1.4249955315477234,0.026165419137538417,0.893516444669349,0.12592694128588683,0.04681790727267953,1.1099178073178912,0.1904516402114847,0.4090823773933362,0.4543043129199255,0.5027473718076473,1.085304640127352,0.0,0.2051392000890047,0.8605709901758589,0.8664106571858751,0.06308092177642746,0.941815731963382,0.021511053601305466,0.42863898599545586,0.35417738249374303
0.013717834683087148,0.1489349600786611,0.4911244448661057,0.03769508194591508,2.081497144578018,0.05305036849854133,0.2540033347494687,0.017827737789195216,0.3583991517081501,0.2666154433066111,0.04495275092846896,0.05990154866072515,0.42348830853547403,0.5655365558599245,1.395933980196145,0.14892174996254862,0.7087303751290779,0.012023409026106024,1.1211540842263972,0.32669969687730466
0.1681957970755112,0.09609077360404573,0.5761331645881949,0.6999158122789749,1.3431082557066814,0.03203201568229579,0.8637872489951067,0.06000390857615967,0.4002059916069472,1.9718995340751353,0.02647931804593631,0.0848685531342489,2.282334802414448,0.10644111840628538,1.268713309179882,0.4828019066177786,0.015757165658468287,0.017234665668192428,0.2790049971506685,0.10337663025759722
1.852346721409528,1.6130860348552662,0.09970825725798389,0.03235938065492742,0.0941402309520686,0.046621610841033834,1.558342274893542,1.0719276572369096,0.481516831931567,0.031074088590909592,0.38642307756508976,0.6714838283795721,0.4062463336624684,0.39482980430164644,0.025064970249989073,0.006320043604467566,2.2151337010802505,0.6410272083632783,0.09425937122718911,0.008702672207364611
3.6866345190458563e-11,0.0001465078997772004,0.16883976052917643,0.009199611197575681,0.0982828852173526,3.0684696136996513e-12,0.7693446190477622,0.028691069528676498,2.47435942789429,0.1001674977318079,0.0067237205232313435,0.2291853553590855,0.0002025852549559508,0.0002177486622043122,0.25367513174262873,0.0018567601676629964,0.07960109158282902,4.899708596943439e-06,2.435856480734769,2.2679228943920235e-06
0.052810460325904224,0.9693356419286164,0.3859384365119851,0.18457063130372256,1.1942188435132393,0.41871780132032665,0.07665378195407091,0.6524435013048792,0.9879786618021967,1.256702558752638,0.6073398836606463,0.26080556106087965,0.644104412342319,0.12984025816966746,0.9290905200849533,0.2507908970822106,0.4667015335222854,0.035807575689575516,0.16271226592860613,0.17559184729804236
0.674865432106313,0.04176506300191056,1.2155578536486091,0.07297540042193457,0.3318955730131536,0.6070482855244533,0.07881815536478343,0.39168039066992577,1.3504397248166005,0.5518114051549567,0.38927444547411527,1.0286264366683582,0.09722176410280953,0.29247982356459346,0.8310268628670828,0.020874960212785298,0.2490327422571449,0.6239575478386781,1.0793614641701192,0.2665276281993239
1.6978463265825608e-28,2.31935236202432e-47,0.0012682354149395668,0.0,2.9189942603402784e-10,8.228227853673795e-99,2.7468263639332322e-24,4.358154814494919,1.6894254435614483e-12,1.7299032797718208e-12,4.472511048759443e-16,9.582115883299171e-08,2.3179238259451468e-08,8.791951657353956e-43,9.705444424574535e-29,0.007305387785725148,4.843184324870782e-10,5.043332144641429e-95,6.89256763680788e-11,0.0
0.29172211498535566,0.2350651011545652,0.3038809267318803,0.2768919147717581,0.8577044142725565,0.2575782725339601,0.10625678899082706,0.3916984652882802,0.24817547297118522,1.165749630766861,0.3671968893430758,0.40928276568520794,0.6064705572807118,1.8403042896846968,0.7221897880913791,0.11492807078626269,0.12680810976753623,0.7957158472359863,1.6669119762268203,0.5192343119772793
2.21029694823396e-16,1.5959000879832556e-06,1.99569662225772,1.1464595540034351e-45,8.206817512753466e-08,0.0006139002055972308,1.522850184984472e-08,4.9314259484371564e-18,2.128125266439145e-13,1.6882623710032214e-20,1.4880173929707691e-05,5.236675688674578e-13,1.9395810849654386e-07,1.5527325986565247e-21,9.160464608736818e-12,1.4041872852958214e-05,4.802819311042411e-09,1.521490860399447e-07,4.686395857259929e-17,4.461242013556487e-85
1.3056121903306317,0.3399450832565652,0.27825305985936305,0.269517260400819,1.143281696416907,0.3319420451578685,0.397321881748265,0.8597668994482645,0.776346952748511,0.03152027287803021,0.08072716691124808,0.2889992293358142,0.24972837765402642,1.6067911806781983,1.1441697477081756,0.2115582454733737,0.21963038252376443,0.15241078382856182,0.11648350380542646,0.45080790593847897
5.31889813158397e-14,1.544817328179356e-09,6.099559896841845e-18,0.004643626191215074,0.0034978883018251827,0.14731699252294267,6.161346829492693e-07,1.0017744702249773e-10,0.028605632343818438,0.00013236656033068926,4.2622312373872877e-10,2.8226962817922055e-07,0.00017300830634165367,0.08980609295823624,8.581772765942314e-05,0.1681902625934673,3.872667680814772,8.535590872440863e-08,0.0003593314414620889,0.006637641520475905
0.370968081110519,0.004805984354545957,1.5762049146298782,0.2676163358096154,1.3747364841495207,0.45751128614407033,0.21784396670042425,1.2952892074153044,0.2678985968095039,0.006104786801882413,0.29570137568632743,0.25619565720502796,0.0340700239401052,0.09033569370142083,0.15887963568267863,0.0016576675646421807,0.8887031493275901,0.0326688482877849,0.010300024440656731,0.15013648358284482
4.091695648430345e-05,2.5275607349725063e-23,0.00043025275960396783,1.18242782296583e-10,0.08819715650470834,4.6557137232616766e-15,1.0030486298633297e-05,0.6564400734232647,0.0,1.0972960433706104e-08,3.7594799596459736,5.420922663047561e-05,0.00011490133350641068,9.906310397139486e-08,0.004562944767577811,0.0005202160406731037,0.00026542831758656643,1.1601749753827393e-07,0.000986793415205338,7.157730522238577e-08
0.7714983883512356,0.8129055471827409,0.08454301527727694,1.2682399234992754,0.08967890689925334,0.25082394185739826,0.07857065146888118,1.3671766625471997,0.1341048389435121,0.7580172006425999,0.11595516230020216,0.6685684515590244,0.6543782166908898,0.89187647739243,0.41699660034061137,0.08295384768469942,0.6736634382181046,0.5181777647068531,1.84313535526151,0.07508687816859365
0.8798770571926621,1.480102170916942,0.019555912239669373,0.059429934257219034,0.6716742376513886,0.9578320955281979,0.1294577718262894,0.8319978114541179,1.0164854704998934,0.5070441165101249,0.5911442463600948,0.6795437469608793,0.36067631533621325,0.247268864498732,0.4988483670396158,0.7309281905515562,0.32836678805865094,0.5898311693772178,0.2285830281742093,0.797964295056542
0.6135848749007512,1.6249414344031914,0.20344086575685688,0.06662389925710717,0.3855922923899194,0.01683934910123345,0.5428038690762255,0.8873645593345555,0.15158854719706147,0.25972212919213117,0.4701692044100096,0.6495425529015889,0.10924119850071118,1.7704747871680961,0.32032968598087586,0.4380147379592451,1.1252032947968267,0.9584503361994243,0.6678456248710188,0.8470981944359123
0.0002874780214174911,0.0,0.5830242909538655,0.5972591671946913,0.005036831407183582,1.0886791213084251e-05,2.0472973872165482e-07,0.658852474212326,0.9966382414377561,0.010706336220185993,1.1140804823932242,0.2531445457409382,0.022942543665458805,0.4955198547466435,0.2435305392005928,1.8038983005775924,0.3196050516370766,6.347637973141141e-12,1.4773414302526303e-05,6.237258925457986e-06
1.1124230532674748,0.029648941313970684,0.05338287630991174,0.0038909553214163195,0.0322209190432805,1.728408774348472,0.00011320302346918622,1.8399163050166485,0.009787290260151776,0.0001576425834709362,2.117433791908729,0.6622243195902542,0.004828365537521343,0.04789647288499604,0.23358457275065997,0.881972123667894,0.21374729798196251,0.06248069133208504,0.0039541172969437205,0.0029214976714374307
0.4680923847449151,0.9839726244658491,0.24534335129781287,0.9568915237500631,0.9926594354800042,0.516501534734406,0.2190782893843079,0.17895771839218014,0.21216474299333374,0.3963564368570278,0.4080428399416704,0.9231303317697285,0.8759800824413175,0.46058171752638866,0.40061127887413556,1.0032012571357865,0.0607669066359001,0.4164172853365668,1.1037808153298414,0.9433963473236088
1.2552619525344134e-07,1.8185408048720724,0.002160684618421398,4.043422952937697e-09,3.814693566790619e-10,1.9061514662125558,4.64801453545545e-09,3.748078650009668e-05,8.111936184240049e-10,1.140965355263285e-11,0.23290419852007427,8.97810686304722e-09,3.245088586169795e-50,0.001323386535626989,2.299075246169933e-09,0.009832615785387492,0.00045154776343202176,0.056478383412149336,2.0680290252165725e-11,2.5586910886611127e-17
0.0016980277224510568,2.8615184148418178e-18,0.008137525660733622,5.157010302317801e-05,3.4187832210302767,1.4452503015867054e-05,0.008990437502900248,0.06453650477483996,0.0025706590906722938,9.290564621893423e-05,1.2138660200953786,0.15419473440032128,0.00022939236725671495,2.3201358606480423e-08,0.023103716776408822,0.009586762870983255,0.0008471514604205237,0.0002802887697081724,0.0012645702636311384,9.354479232072213e-05
0.5575295449673592,1.711613392221647,0.5020721985203029,0.8408697376379979,0.0889749028824325,0.20665041307992962,1.6500685819622594,0.8072565214541444,1.3931201197060101,1.9762857005003622,0.5235287433723107,0.13986876205230414,1.0309888425100284,0.6847900099360216,0.02431479112793246,0.0,0.018553100973978342,0.04650002310178349,0.11639163876401266,0.034220781007980206
0.720028389170561,0.03612292033078493,0.3952033095258619,0.3992302101336848,1.4560681564470555,0.6243033882801888,0.2764519618723885,0.12432327939960246,0.9498475260352648,0.03790492229149542,0.18535503213997218,0.19742825354300284,0.1450008486483207,1.0718269792739095,0.9458078118871743,0.8607262385929906,0.12644400743040704,0.04139265007982363,0.4390519635518666,0.3216278084022064
0.8319217855046027,0.00085346930404112,0.6212067967764165,0.03534798926566638,0.8341368045889964,0.0027205192894117916,2.0459388826113285,0.19021635157181932,0.45940075997159013,0.0,1.9665286580031844,0.026112154056573404,0.18162706730092337,0.2172351367343898,0.014557744878751541,0.04396727007735331,0.0019215995235720884,0.492011725733673,0.0689256053467515,0.02635971857866053
0.0,0.0123980280723579,0.20942675909500608,2.427285310854556e-05,0.24588570553930972,0.0,0.004673767758834344,0.924242894754602,0.19578582019924398,1.1881121338055358e-11,1.5294358261447383,0.001741538831870478,0.14317335509206855,0.0016173665116401114,0.32935728897972644,2.0529172649848455,0.5166285848305296,0.009627691173005189,1.2634955308030642,0.005244018056539176
0.5077815763493373,0.14156699023116076,0.4090285764206878,0.08211705633439002,1.4734639301337213,0.328239069036965,0.1769516502325875,0.135796843309977,1.1485926806442472,0.036015663219287286,0.5381023685396005,0.10881461323898811,0.36368568809066315,0.08859195179220146,0.8345691623134828,0.49059643443816037,1.3750756822694694,0.00562337761518636,0.013063409254072398,0.04626792081530049
0.47758040310098143,1.0134051466836798,0.11317293050428685,6.894706285051767e-07,0.6221852307344256,9.814058246116781e-08,0.040909463644141913,2.3768023155629864e-13,6.537105726517631e-08,0.022341932007672906,2.0833383330812345,3.3681447720541984e-06,4.241706033686905e-05,2.991209238868695e-05,0.004757384696388596,0.002365231955510168,0.05261566805234366,3.561191176091218e-05,0.012427795576924066,1.1641077521543795e-06
3.7327395017957096e-05,0.017555752448887636,3.595922642854196e-05,0.021853613147420636,0.035715592742458946,0.0001940860082714228,8.662994272811015e-10,8.73538574949914e-13,1.5714209999708583e-06,1.2826038113303307e-06,0.0007476454315050999,2.2119357730623508e-08,8.974774879712883e-19,9.04010718369961e-25,2.7131664122031802,3.340002187792685e-08,0.0336514068915525,0.004750827498774675,0.0,0.000490388527429377
0.00016570242979569835,0.01653641665234985,4.1190491943470474e-05,0.03590934838956848,0.004731209788328775,0.0001439588392164422,9.457993015175064e-10,2.8438047264202513e-11,2.4978895856080156e-07,3.8928238939426847e-07,0.0003372533653701209,1.3463721851198027e-09,4.160086660889081e-18,4.0504805104751873e-25,2.690954862688525,2.6706912738049546e-08,0.07121534662077984,0.00703668224817389,0.02029937528427429,0.00013929753570422404
0.23593244715565753,0.048918247333805856,0.7718565865910479,0.7311745290513453,1.2317201570609095,0.15890169831304402,0.2361217707305236,0.6174990030367186,0.7580915877843134,0.15927166911229151,0.02776705335065394,0.22088050418160413,0.20674671181226745,0.4760182843005768,0.37337878999647756,0.8014747113322771,0.5176173922005618,0.5764222853836707,1.2841783061945984,0.2814448354163602
0.004814420338899423,0.0038270802025081943,0.05344723963539394,9.266010666107863e-05,2.4147972772676853,0.11353940818725707,0.004257837150727658,0.058368998858573336,0.4807943431331561,0.46060874607104907,1.2440988366266246,0.9799026144643965,0.021227524821682008,6.77242368706284e-06,1.7811002126144127e-07,0.035191912346289614,0.13587035315068208,0.5472944278379593,0.00015475147070515414,0.0
0.2962464545628519,0.2186238640978007,0.05096115093162096,0.004526155032502549,1.3038055766343812,0.00037912648993443225,1.706582999054648e-05,1.0441823832255831e-06,8.467766348726918e-06,0.049182812117036845,0.09722370653257038,0.2621253471426518,5.958794578541938e-08,0.00024338131912602477,0.544752291910866,0.006762158894379027,2.5564132704508697,8.807875156163011e-09,0.5891628095101314,0.024679205561214543
0.00023825704609061347,0.0037025385046936363,2.2235587117077116,0.47101388789391196,0.3376972519515169,0.0010738961392284243,0.002970082427237548,0.11591224806885853,0.021693480527977295,6.326503622954832e-05,0.08256325129477612,0.8620876510990977,0.003208249649797031,0.021615572136453196,2.0500627698161673,0.03337022477826881,0.1145792895334874,0.20235733297721026,0.20398474890386853,7.151556930400031e-05
1.068093485932539,6.622436317783689e-05,0.02767403739608087,0.012253782852978465,0.2381826188734559,0.0017945891145581103,1.9782728639327045e-06,0.00812937873577143,1.6036225377859976,0.429477088976287,0.0068158990664414455,0.13548754418460793,0.07781860333363572,0.01220013770437901,0.0703875781947551,0.0002097621287805087,1.702405818900559,1.792410673877743e-07,0.344067861032978,1.3884361060011403
0.04395895544530321,0.10689819307137663,2.625741503993355,0.3399918874563986,0.290486692102349,0.2820165072693945,0.04412878240804174,0.0709017550854042,0.5010485331694129,0.007449554495825141,0.07502504662737644,0.11729942607292929,0.18222615412713095,0.02186945796477701,0.5845708472237602,0.20036654072739027,1.2972291840881278,0.21124104942507888,1.0645608305266765,0.006207069078639222
0.051471976526100215,0.00011182137932292723,0.9114127738212329,0.011417399996224735,0.04629301886220351,0.006066653819228529,1.968872133288548e-08,0.00179167500848682,0.012774147471779716,0.40584700271587265,1.867360332211674,1.0741834396868186,0.000525403861533701,0.0003659567851381618,0.059302262898027695,1.4549766109437798,0.0006141767202165298,0.10795546054960226,0.0006415932760256155,0.0426170159699507
0.005015700368762045,1.7993627043762834,4.272786258612865e-05,0.9277599061400253,0.032717124226417885,0.0019867205879539286,8.600253105594951e-07,7.798785384128904e-09,4.369087707299859e-05,0.5423593761123178,1.2573669562558497e-10,8.34612786957439e-06,2.2038601807364643e-07,8.976137684861259e-06,1.2916850188223028,6.771729050137872e-05,0.05979842351851928,3.5210377533182507e-07,4.820570335502071e-07,0.41472563480724295
0.6455335388605051,0.8237469804393096,0.14242471051013814,0.4093121422665653,0.25867658913588043,0.1310947854166503,0.10456021702492481,0.07852683205429536,1.3452281698961637,0.06028439720796263,1.1847654331963846,0.36607027897443234,0.30162323275154757,0.07502538307195074,0.4570091550184154,1.1932381219675736,0.030407097421542306,0.5329117205015583,0.7565599616379398,2.546087092233273
0.006734232420497463,2.0570954313980854e-05,0.08129956371766338,9.756871583972587e-06,0.49628131041983997,0.001275793807735758,0.03708483499102433,0.4023656425348767,2.7736968386536835,0.002652073919283725,1.0452871071769385,0.11185246533931313,0.030980141953785033,0.0005933756114516995,0.40795120534553436,0.35698356451397517,1.1982899744843176,0.0007633688426975356,0.4546083262231741,0.0006484966552618493
0.03189447948970299,1.4962283662685008,0.21238688404665415,1.6587268694485844,0.38304710485978666,0.0947626316535451,0.023465117680804476,0.32957252977255996,1.3810625897335198,0.10140831218595,1.1379252055596965,0.36282710913221666,0.00022294156789354696,0.4531480240152097,0.9232802193378524,0.01664498864478182,0.7817668264362181,0.04426397214480109,0.1955907360166571,0.017486074703732972
0.581870490509384,0.027447271651086333,0.08292246525331406,0.0817864491789881,0.2600038283488325,1.4849809655712118,0.015229568323517354,0.0002855300445059426,1.4860538306063957,0.12093123546382106,0.9637286707408499,0.7417830986828401,0.08045241810809026,0.02847853426069308,0.9098165536347389,0.0008469968184183134,0.7248056439636327,0.08418034197906701,0.8900053992454503,0.002865760323992969
1.5374979885823628,0.4743426223023575,0.2519261762840441,0.03736799501439798,0.44004713261108175,0.020987657462248895,0.09062489504674319,0.18662966889205507,1.1662185701471295,0.38900502273431237,1.465117383691678,0.10369777572240094,0.35325791512258825,0.5187133655692694,0.7359748498221123,0.0955646356544964,1.3250836700321171,0.3050070746300612,0.14933411268733524,0.3083503666677253
