-8.777079825841971328e-03,-4.811448353144530399e-03,-2.228426235549713346e-03,-1.013646208810452427e-02,-4.983463752434887442e-03,5.898155584908702613e-03,2.398787569608279695e-03,5.451774998835048035e-03,2.776838550959716007e-03,-1.453093043933529043e-03,1.879381395600535033e-03,-6.920099013138602054e-03,-7.649278986167754903e-03,-1.535373782781717517e-03,-1.072912913293844932e-03,4.725779504710580017e-03,4.486144804314168288e-03,3.781713068918658022e-03,2.481111854071777530e-03,1.789885348884449282e-03
-3.129743090113721454e-02,-2.569982181130919894e-03,-5.776735547004928362e-02,4.076384732091892921e-03,5.654327347411011034e-02,-3.101308525825840004e-03,-1.188480016080611414e-02,1.621925022846372466e-01,1.114439157202656433e-01,1.330679610805277358e-01,-8.309383636725821420e-02,1.611194724463320682e-01,2.235326326732745283e-01,-2.568848629524068117e-01,6.837281718723746682e-01,-3.783954284661869005e-01,1.171678169160209060e-01,1.156181182841824751e-01,-1.713045486669724782e-01,2.815441383070481640e-01
-1.124521784623211673e-01,1.248006796977967764e-01,2.662726256475270725e-01,1.367387361963648962e-01,-4.905201099953770266e-02,1.640118707694976918e-01,1.501078106471799567e-01,2.622663458508150414e-01,-4.979290505479793683e-01,-2.250762791161110277e-01,3.913982996855548402e-01,9.105287723395011357e-02,7.156485941649246008e-02,-3.060819369482178226e-02,1.724689533324316390e-02,-3.174330099031549834e-02,-2.688840556505789348e-02,-3.043604170558423042e-02,-8.965482727612766878e-02,8.617300367497017499e-02
-7.569984745185118213e-02,-5.801293814954375239e-02,-1.755188030882257888e-01,-1.157546758197123132e-01,-1.564880821466834715e-01,5.401828034530366945e-02,7.380620516471719794e-02,1.657083214014870021e-01,1.290129123677046796e-01,4.807459071852685506e-01,4.913319290657630622e-01,-1.025385079207262323e-01,1.930955953070379316e-01,3.089367817730707122e-01,-2.384998507395116873e-02,1.312128795826391081e-01,-1.677792266896325768e-01,2.568589511535550596e-01,1.798001078239450379e-01,2.497604274593991092e-01
-5.141008469094311695e-02,-1.707209209371254865e-01,-2.057099825617642597e-01,-3.800721191263044252e-02,1.298044141382592165e-01,9.925808292918988918e-02,-1.340585752772352306e-03,-9.606212888391973959e-02,4.503771906663271707e-02,-3.725014036746707863e-02,3.366195203700187571e-02,3.292211932824507924e-03,8.726827482055898866e-02,-8.075168889726782456e-03,-1.726444704348108899e-02,7.598370887488731240e-02,-6.732017659197075260e-03,-1.080897447496014657e-01,-3.361992861358472501e-02,1.038950115886937281e-01
-5.497849155832029017e-02,5.411003265374542126e-02,2.584400649762990665e-01,2.631238151310118512e-01,-1.830027707657458091e-01,-3.865501223142596421e-02,4.928423583260304053e-01,1.824035051388042117e-01,3.233987905273693064e-01,1.379915859354647334e-01,-3.078147244670783045e-01,2.312353682292315193e-01,1.820373926008172216e-01,-8.546135210005874339e-02,-2.142807724583638551e-01,1.909179588606664535e-01,-9.680072787374735532e-02,-1.467347084147226643e-01,-1.048738042728377534e-01,1.744769400486558264e-01
2.409897877145903908e-02,-7.267408220480420233e-02,1.155440425205737642e-01,3.174151104059914213e-02,1.721511918274095110e-01,-1.466506753752797043e-01,-4.446835583939958564e-02,5.394376346836383604e-03,-4.470392187707699500e-02,2.876260885477192053e-01,1.456479897023031378e-01,-4.088783140906694369e-01,-2.446575455368848462e-01,-6.477618179177836444e-01,-5.708452518705747075e-02,2.636546699677714822e-01,6.390268710940638121e-03,6.957098076581211092e-03,-9.135652042946836027e-02,2.045125630048452159e-01
-1.023334012791287523e-02,-6.856535481862310877e-02,-7.964064658991169832e-02,-2.577227449658012204e-01,-2.304377419893220702e-01,1.698809996334303685e-01,1.042807880697787931e-01,1.036246227915897794e-01,4.207053357803276772e-02,-3.923539943722136880e-01,-1.253500314898421952e-01,-6.035653504509383982e-01,3.454866247633565091e-01,3.094377927342847629e-03,9.099170968234886539e-03,3.529234941011442223e-02,1.117629184081763982e-01,-1.386703248926199894e-01,-1.421115796178420987e-02,1.590029747582576702e-01
6.525370982226221320e-03,3.836805523949937680e-03,4.206413581871640273e-03,5.138515380628577885e-03,8.787626183983179157e-03,-1.254194605351873978e-02,1.193597387915608030e-02,-7.026080174153168101e-03,-3.148088462093893286e-02,-1.018013264315780972e-02,2.598672953014857789e-03,-1.250951034542197374e-03,1.762213812616697517e-02,-6.640648890199376750e-03,1.388171690412865963e-02,2.486817642021194041e-02,-5.737680905857414464e-03,-5.806579142128011697e-03,-1.774912306581193783e-02,1.961931730719255335e-02
-3.619711807651054825e-02,2.603304353395556880e-01,3.257287229100801467e-03,-6.058811877621447795e-02,6.683895202115741618e-02,-8.509615103650326751e-02,1.895093232435710595e-01,-2.343377051204570682e-01,-1.649975335042253022e-01,6.935315981417688493e-03,-1.163444904710000602e-02,-2.852138480198759818e-02,-1.113924382342846298e-01,6.377965862894605098e-02,1.192985005018566969e-01,9.014969745500064913e-02,-5.675007527404226509e-02,-4.472863560882772010e-02,3.376707591166916433e-02,1.305131578607592602e-01
5.274140167481681379e-03,2.087774211911998593e-02,-1.395486119318839133e-02,8.537302345200248679e-03,2.038127593399155155e-03,1.342808247089896830e-02,1.978666844566882160e-02,-2.718286803932192658e-02,2.087831115748711719e-02,2.105127630643312611e-02,-1.816889025721542955e-02,-2.540142085439863959e-02,5.495116215811454187e-03,-1.332413623927384064e-02,2.030694606405755720e-02,7.994530508557128393e-03,3.197402751891548385e-03,-1.131110849132719448e-02,9.252986901647641468e-03,1.676489733792030368e-02
2.579448186591017378e-01,1.797974597881291103e-01,4.442494948453016845e-01,-8.609929872781177385e-02,4.761502869090534704e-03,7.756524784638888469e-03,-2.608470390860137891e-02,-2.566300686855325572e-02,7.759112197194933946e-02,-2.594398987076300400e-02,1.019280026361825547e-01,-9.547308811402614726e-02,1.165318870896518422e-01,9.379177813844281897e-02,1.129251547988688181e-01,1.089874844425468142e-02,-1.917551301809241465e-02,-6.495734944758570217e-02,1.062899511690253429e-01,1.544182356569634706e-01
5.036962981484834762e-02,-5.702223140491404635e-02,4.010876623699042437e-02,8.774244840791445288e-02,5.980700791646424014e-02,-5.035562051300380287e-02,-1.647233399979562002e-02,-9.900930385313044813e-02,-7.329810146975004881e-02,-3.396288276249668781e-01,-2.335272695402418053e-01,7.568365541450830514e-02,1.861164128923461017e-02,-7.381773956175068097e-02,-7.879915564418354945e-02,1.245387564493921906e-01,-1.616585042133842631e-01,7.085502653108229909e-01,2.984814706084588654e-01,3.512751693316837898e-01
-1.995313486324755414e-02,1.324671818911219434e-01,-1.851727290744319956e-03,-1.941616627800587525e-01,-1.718558556700130191e-01,4.951565801014698454e-01,-2.968398554719930971e-01,3.022740161902528477e-01,-2.258301124517583525e-01,2.477212485929904118e-01,-3.916382332920603226e-01,1.330876898723013790e-01,-2.353819700862040676e-01,-5.369047515089535316e-03,-3.841404727138277714e-02,1.287996729149719355e-01,7.345032949246579380e-03,-5.663658890306368793e-02,7.567186396445391150e-02,1.957424321117671173e-01
3.988795016352397749e-02,-1.855217925771888987e-01,4.938228195074177707e-02,1.389362028790976922e-01,7.907438690726065200e-02,-1.931350270322909277e-02,-1.060078696994466163e-01,4.024637777177894615e-02,-2.941219736907001257e-03,-9.754985086467582098e-03,1.731072485590180211e-03,7.446833687728046658e-02,-5.154906882458383521e-02,8.373611496025927525e-02,-7.780343825618512253e-03,6.928534087087420690e-02,-2.465409489009027025e-02,-1.224232425768295024e-01,1.962752115926896454e-02,1.311201599317667887e-01
-5.578360438243123304e-02,-3.051698181691743072e-03,2.672515337653555770e-02,6.595923054086326454e-02,6.126756960465424770e-03,-1.355281722975179050e-02,-2.373249150854776779e-02,5.936392555676353426e-03,-5.520341471128539790e-02,1.236877958857746616e-02,-3.737550582411438421e-02,2.644847758761068816e-03,1.990748375164152692e-02,1.514954208209732915e-02,2.005478433907542310e-02,4.530608897158590331e-02,-5.785191445150516133e-04,-6.093284375118595414e-02,1.931125053810282127e-02,5.377262657308320981e-02
6.081053955274191673e-03,-3.431806334075874348e-02,1.045055224840849180e-02,-1.009043002794361293e-01,-7.556739039540433245e-02,-1.005576953591382355e-01,4.830733548887378853e-02,6.949630075550408681e-02,6.265700375640247122e-03,-4.789075203191098251e-02,1.644880171055026347e-02,2.903320340982423753e-02,5.240391562738222486e-02,-6.141750424029459449e-02,-8.820043300569964384e-02,5.708127035449207104e-02,-1.196003424960127848e-02,-2.901114076398709184e-03,-7.972445869298443177e-02,4.163269019536643828e-02
1.433828194031988301e-01,1.033446371915103940e-01,-3.195632407767259320e-01,-3.756704745905204978e-01,-7.300156755942734110e-02,-1.381618938493335280e-01,-1.690821920716852403e-02,7.782252847476470170e-02,4.720685905055908155e-02,-1.080262808184762613e-01,4.319985065124770651e-02,2.458031418372217947e-01,3.035860082946116242e-02,-1.644980170040840073e-01,-1.894112087859077531e-01,1.007983330550597384e-01,-6.950256197393214763e-02,-3.538434977768063067e-02,-2.448746122028955530e-01,1.214644327268731699e-01
-2.747423353805939633e-02,1.420937498208127599e-02,4.583328953356092215e-03,4.493937582623632604e-02,3.272865022034601029e-02,1.790700640967687191e-02,1.821502605216927459e-02,-1.041039394198564894e-01,3.451247994772736055e-02,3.865599885169236638e-02,1.062184392310968339e-01,1.053215382206164896e-01,-4.387815128135608839e-02,9.456750380274618617e-02,-2.648317373147415776e-01,-4.542548522595345195e-02,8.795892620907040937e-01,8.678105244527324624e-02,-1.073594262681292627e-02,2.761059909292885584e-01
8.949626237692274999e-02,-5.213497442255252828e-02,3.163844885114980993e-02,-3.613439130909471692e-02,1.418381139892684398e-02,-3.598544109088143428e-02,8.645221470557748478e-02,-9.933832375025737627e-02,-1.149435957852097817e-01,7.072115623056800249e-02,-3.083052794741782121e-02,1.455264669243135425e-02,-2.507407733405306663e-03,9.771849998212539523e-02,6.079340147630959285e-02,7.022912417854362821e-02,-1.823873234265484602e-02,-1.293710921500020039e-01,1.982044830115036946e-02,1.037544173615690540e-01
3.787059156934340261e-03,-7.636344510438257405e-03,7.542323629997034484e-02,6.104786556958905624e-02,1.128786100729811843e-02,-3.972154251531863356e-02,1.003445765397628121e-02,-5.482345900118958115e-02,5.094430471950456285e-02,1.733778678773421553e-02,-2.588434875520703032e-02,-4.439919070119929811e-02,2.583700087586783892e-02,5.222711500532032508e-02,4.570091388027981011e-02,1.558995908984972881e-02,-1.863136339247465842e-02,-5.874391525772500872e-02,3.194566612059992344e-02,4.295369367452085002e-02
8.495034386042950303e-02,6.169575785761007014e-02,4.690599455096492766e-03,1.332071734061293471e-02,6.420393364522463363e-03,-9.901258719119562096e-03,5.375929383334457357e-02,-3.018462788535943020e-02,-4.918531712209935763e-02,3.821762164623157543e-02,-1.975712501119861186e-02,-2.387029920979018283e-02,3.731673907725344998e-03,1.902944458889455417e-02,4.324057287445090374e-03,2.959657139746484219e-04,4.633383632261320155e-03,3.414143015186452915e-03,1.137186110231409343e-02,2.395840765192821034e-02
-3.709897975570461415e-02,-4.013706513943566395e-02,-1.957012980559151398e-03,-4.227085467577921390e-02,3.466176334396027514e-02,-1.386429209226537271e-02,6.864415514858406009e-02,-7.273457739087782481e-02,-7.350966149675333683e-02,1.107514906028372464e-01,-3.842228445512645141e-02,-8.042986157691009441e-02,-4.942521187783191494e-02,-1.077690318959926702e-01,-4.147881480642472418e-01,-7.523113637378006091e-01,-2.148755425743044678e-01,-1.611879103459541718e-01,2.166804311661160998e-01,2.655267761583962605e-01
2.427571828879775406e-01,1.537038229722404725e-01,-3.252364911127059860e-02,1.387918523420744905e-02,4.759979749324882298e-02,-1.940964613994336507e-02,3.861210336715695940e-02,-7.194968835191148382e-02,-3.731462020466184970e-02,2.753443758376166589e-02,-1.916955361532531044e-02,-2.971986889483769351e-02,4.356827657382625341e-02,7.914288796729847253e-02,3.429114184395450071e-02,2.281866512081331261e-02,8.762667886097108907e-03,-8.599175137791330303e-02,5.500681711962071563e-02,1.024130577189610175e-01
-1.406363716415158227e-01,8.821550795744508011e-02,4.275639412371417397e-02,-1.567400179901753607e-02,-3.437595174465654657e-02,2.926865662686082420e-02,-2.282816470089529814e-02,-9.483297382854827262e-02,1.302247541415913791e-02,3.276955280806801568e-02,-2.842588868495814908e-02,8.592580569408113378e-03,3.413445721113757877e-03,6.471257998178737807e-03,1.526017353712232766e-02,1.786906202508063007e-02,7.063398991943603024e-03,-3.121383544827199472e-02,3.559096247481359932e-03,3.777430880477603697e-02
8.328504437455216958e-02,1.780339470590313333e-01,-1.356388676359269463e-01,2.387739715042037913e-01,2.293126706928649838e-01,3.312773561729399213e-02,-2.453078245083905456e-03,-6.277813367650084131e-02,-1.101313972744048970e-02,5.646379581206566883e-02,-7.948399182674598107e-02,-1.388503168305163793e-01,-1.783809980771319456e-02,2.578608802935149491e-01,-7.416077751030068776e-02,-1.376180972419663133e-02,-8.739329938923137697e-02,6.734591169227520380e-02,-3.455675893961819845e-01,1.164960059862894109e-01
2.777679948207773322e-02,2.975010860235564533e-02,-3.398588828645283944e-02,3.577765232444596322e-02,1.735993660483937245e-02,-1.550773769092958238e-03,6.512322673151928372e-03,5.104979978396528666e-03,7.622614518934239108e-03,6.845060429857166388e-03,8.199805462241768414e-03,-1.625185108372050394e-02,8.866297262427539749e-04,-1.633104942801948513e-03,-1.109190231645791093e-02,-1.509043512946077643e-02,2.520787025982290566e-03,5.657884947217062775e-03,-1.797490230045991830e-02,1.140467299718841108e-02
-7.067537370203436087e-02,-1.278920961730830586e-01,-3.242524912518912616e-02,1.837569173524096142e-02,-1.711912911505167612e-01,3.623150823555441186e-03,-1.867364815452739885e-02,-7.323741677479135570e-02,-3.840053685364991365e-02,-6.877253161427349624e-03,-2.742231738172993399e-02,7.150147341395131362e-02,-9.205749378994933230e-02,5.818111784140157783e-02,3.075031681730937619e-02,6.811339128782749330e-02,-3.366851938717864423e-02,-1.201047925756427159e-01,2.099686922126339783e-02,1.165133510379741805e-01
-2.729371521217268670e-01,1.087406392294017199e-01,3.389472839995221094e-03,-1.757340160285986719e-01,1.393992016166128445e-01,-4.327175426397386615e-02,4.457710664575613435e-02,-7.322355664570888434e-02,-6.750287339202490355e-02,2.024774816456154786e-02,-6.547095015131459972e-02,-9.061014581217186406e-03,-3.698207193669836995e-02,5.697716810944547516e-02,4.764993057815050670e-02,9.079075217825241517e-02,-2.193696272057770943e-02,-6.382249425334526882e-02,2.421977969235775477e-02,1.025533470161110877e-01
-1.469463073397461461e-01,-8.252054580064281664e-02,1.279903749071512609e-01,-3.291172634529936358e-01,-2.224010514955656326e-01,-2.440929280022496595e-01,1.530813798137371229e-01,-2.667486294423157545e-01,-9.678671863854544644e-02,-1.017470491288867407e-02,-2.470168892039006220e-02,1.304439068808695978e-01,-8.997545181828502103e-02,3.177114075510972455e-03,9.038667869707515956e-02,2.225589340628002406e-03,4.029856252112946902e-03,-3.948825238515400043e-02,-8.157815764461139041e-02,9.920744115001470242e-02
2.515515090558333514e-02,-9.499109785341151857e-02,-3.263526704263897821e-02,-2.857335012302488278e-02,6.025826786465086210e-02,-3.428307607794736644e-03,4.550235678982723041e-03,1.160038408973549642e-03,-4.558805358137012209e-02,2.450391177792526042e-03,-1.281230606607884539e-03,2.171800776748612771e-02,-4.309410790222417513e-03,3.098563173564270606e-02,1.786497444991784825e-02,2.367966068591941323e-02,-1.399635836747756094e-02,-4.119920935213643859e-02,1.365695240920260234e-02,4.110409689703690972e-02
2.187225091544929001e-01,2.107576735965391995e-02,-5.379689156528292410e-02,-5.819484959365033017e-02,7.472106759254200370e-02,-6.779574666830789909e-02,8.323762977682076791e-02,-5.239608223585136282e-02,-1.599320512258038396e-01,3.476064397033158671e-02,-1.579076759011949910e-02,8.221589375624197005e-02,5.034839304750179934e-02,3.628555180830460303e-02,2.251426072047849058e-02,5.799462426982530949e-02,-1.605287321692023747e-02,-7.947217458373402599e-02,-5.474503629328878601e-02,1.013888021856370059e-01
2.994598775232393817e-01,-4.108798939647786974e-01,1.991536458758464689e-01,-8.644704375597905832e-02,-2.058331515023136687e-02,-7.067357413789976395e-02,-5.912917791497081937e-02,-1.524930507454305001e-02,4.658665913067771419e-02,7.032955177272753357e-03,3.598936019390435587e-02,8.258342619033449961e-02,-6.747536669945140841e-02,1.155368495237414084e-01,7.215203860290109183e-02,4.358086219641594004e-05,-1.949530831447945575e-02,-7.803089507785770929e-02,-5.561709356478167048e-03,1.073176234050098182e-01
-9.427174700278819278e-03,6.590737344671818154e-03,2.897676315588392296e-02,-2.449869203097457309e-06,-1.042047576126563333e-04,3.884833457225836482e-03,-3.366368296061251261e-03,-4.659145007360209617e-03,-6.372423690704233715e-03,1.612556123165166503e-04,5.650528112405394168e-03,1.000829171327633459e-02,3.721628176044456619e-03,1.743288893049715557e-02,8.796882245881881487e-03,-9.214039929794649517e-03,9.155069935537717661e-04,2.977534940171166697e-02,-1.510020533235666498e-02,8.342331646548592147e-03
-4.908963622005859534e-02,4.091896078819799720e-02,4.726980927333696014e-02,4.543107992932669814e-02,2.151664854552988448e-02,-3.740504041875465299e-03,2.647153974515289998e-02,-3.238034358627715770e-02,-2.229166867236869604e-02,-1.023760664678427870e-02,2.826601517829806579e-02,3.048837499436734058e-02,3.235813778912280392e-02,2.504088414575590671e-02,5.933976162182425136e-03,-2.688655512273050233e-02,1.088583401850748769e-02,-1.859539789417701244e-03,1.550667069599877441e-02,2.203054703141042736e-02
3.092160700973423451e-02,1.864299414579345116e-01,2.076760481379106571e-01,-1.227143546492635573e-01,1.065262531463601753e-01,3.146216527787780715e-01,-3.008901895916601399e-01,-2.664632978372247218e-01,3.779319421796507039e-01,-1.762369006827340101e-01,2.775341068657722898e-01,2.153495383288922815e-01,1.108915167944864444e-01,-1.308470153241232115e-01,-1.137069888735819656e-01,3.908436044317437075e-02,-1.564392136863494709e-01,-8.433121246650719660e-02,-1.028604850475042382e-01,1.498545597968388710e-01
1.380495385921437779e-01,6.421559445378588471e-02,-1.016955667613722719e-01,4.053783590117479574e-02,2.056918949820794873e-02,7.380336268990093929e-02,-1.079599648725289018e-01,-3.440252371783740059e-03,2.858449745340372120e-02,-5.319163175374032326e-02,-1.249375414653797201e-02,-4.635678174249937417e-02,-1.776429830440793070e-02,8.712148355808137234e-02,-4.188625988706488196e-02,-3.669688757555657210e-02,-4.736709323683151174e-02,4.899556762140459126e-02,-2.394783069212688964e-01,5.469682017965806636e-02
-2.489406206928372264e-02,5.044648023250913882e-03,-3.437722079905532885e-02,-2.061805798097937018e-03,1.722107176756638991e-02,2.096373720706714086e-02,-1.464566029953232734e-02,2.265511612078682444e-03,2.177813463590560009e-02,-1.231951490435939482e-02,-1.144634479766361811e-02,4.839880295503688756e-03,1.917591574688405978e-02,-2.498594513801383546e-02,-8.332072941321322368e-03,-5.312899211087389805e-04,2.219109267936018783e-03,-1.164992134316943095e-02,-1.208086581642115777e-02,7.335149253509337663e-03
-3.876280548870634779e-01,-2.268063809150251131e-01,-7.380246991964517500e-03,1.318185371239177506e-01,1.905203035681952428e-01,3.291700301109168336e-02,-1.347372730887096970e-01,9.428887740793190364e-02,1.316022907007310394e-01,-1.590453055485959166e-01,4.108340613616021791e-02,2.458582363787636255e-02,-6.141417483689395884e-02,8.001698106890349493e-02,3.952814781021645602e-02,4.859289600354013000e-02,-4.751901519825258574e-02,-1.373742374020071877e-01,6.592037941712119986e-02,1.439830043290604156e-01
1.122639333902008402e-01,-6.386517292061826001e-02,5.344401946942840126e-02,2.622452090396351285e-02,2.810242006080278243e-02,-1.704958571611417048e-02,-3.857148953521820356e-02,5.472374457979955510e-03,-5.852792435900636830e-02,4.074647569480695924e-03,-2.392488664001705956e-02,-2.045392638026029622e-02,1.597992058399855600e-02,6.263406779981932349e-03,5.275131755782831028e-02,1.142603347159995564e-02,2.454580735590988425e-02,-3.230641620695320210e-02,1.907679608805300589e-02,4.595842696179479325e-02
4.122375299186412795e-03,1.617942338101419769e-02,-2.440405748731066735e-02,2.088847887727804734e-02,1.426922121598707622e-03,-7.539993522616464904e-03,-1.811030481809475234e-02,-3.670282896584890937e-03,1.440442505527201461e-02,2.300247113295866234e-03,1.174816223084470049e-02,4.796997176970860602e-03,8.074758421269853659e-03,-6.026457169118984263e-03,-1.062348728096277305e-02,-8.300384189913387594e-04,-3.673214266086655046e-03,-5.244602931768799388e-03,-1.215115926335968120e-02,3.757548936484150955e-03
1.271286372726250502e-01,-2.320603117376370261e-01,9.432256527164041560e-02,1.020091053429869610e-01,-4.122755881797185440e-02,-2.692260518790019330e-03,-1.364852227476622826e-01,1.446287952509322516e-01,-1.018561921618158506e-01,-8.465904421062607488e-02,9.477532982295632305e-03,-1.955686630665334075e-02,-5.381053297167061322e-02,2.041166123022020856e-02,-2.569403826248044947e-02,2.544670721652687526e-02,4.705222417118921224e-03,-1.228580226783546614e-01,-1.995688623184940086e-03,8.610252292674516750e-02
-3.569322951268477651e-02,-9.748661299323939378e-03,-7.406510903443210697e-03,-2.446301028077431730e-02,3.042727337246252384e-02,-8.097011250258270149e-03,1.060302075539427090e-02,6.261283881789789924e-03,-2.702913020544096476e-02,-7.805811730742869166e-03,9.982487782266786028e-03,1.927262525218098252e-02,-1.382160804152749497e-03,4.627340733602850094e-03,-1.729757510081200971e-03,1.232443471869989517e-02,-1.543769868269237629e-02,-1.421604944727543167e-02,-1.118083330256095138e-02,1.006009031602676101e-02
-6.134192217369729277e-02,-9.625419545703636434e-03,-2.548870018385629085e-02,-4.750842078177241329e-02,1.952964590079291421e-02,-3.395553896867282984e-02,-3.577600189399349293e-03,-2.240922671651045771e-03,-3.792427108532687996e-02,-3.439953542456347657e-02,3.758202278462249857e-02,5.092986683976036960e-02,1.025460847291770686e-02,-3.148903913013213762e-02,-1.433102863352283228e-02,2.080441096788109359e-02,-3.504380364980789336e-02,-2.179579618102518018e-02,-3.534951890073147890e-02,2.760292683303232700e-02
-5.523008215408515935e-03,-2.582101104451959284e-01,-8.546355707901756582e-03,1.738068629804984458e-02,8.390188599180864459e-03,-3.645005394896748407e-02,-2.987637533367713816e-02,-7.457686889620568360e-02,-5.220913528329741704e-02,-7.091170405679365907e-02,3.684696594577442641e-02,8.179998962599437096e-02,-6.724989492266976454e-02,6.369903650266284245e-02,4.213942116180219993e-02,6.628578538802994136e-02,-3.881729591024173087e-02,-1.143723658992831099e-01,2.642315389288643276e-02,9.549541585077002404e-02
-5.391586499808889710e-02,-6.035931659053571374e-02,-2.848100174763935205e-02,-1.066584610663847132e-01,-4.326967981198407559e-02,-1.176996578956631713e-02,4.081263476703882176e-02,2.217166042038180504e-02,-4.097066260623598299e-02,-6.104440584909538031e-02,1.489414440927366509e-02,7.220165735800995743e-02,-6.230659281123685465e-03,-4.446882830300219469e-02,-1.228734031276184843e-02,1.182195822374757302e-02,6.255722788915425193e-03,-2.986263405362421866e-03,-4.986815958584729647e-02,4.782246370254761292e-02
6.347520098796537169e-02,-1.353452141511125029e-01,-2.513367877350038415e-01,3.548958954331002391e-01,-4.919217264102061504e-01,2.300835312174319414e-01,9.744074747335526934e-03,-4.187584773045656683e-01,-7.088363359685143084e-02,-6.628851455223212265e-03,1.026665145734876883e-01,3.557026274837157831e-02,-3.163249629752070552e-02,-1.432623959074539044e-01,8.796517365357625629e-02,-9.975626143787439878e-03,-6.587060723758146608e-02,-2.062633946098226673e-02,-1.128012727094998280e-01,9.829130843937974871e-02
4.159021040414706896e-03,-1.532314237715533961e-02,-7.909364270431314820e-03,7.828806494832529772e-03,8.743415645828629332e-03,5.893409620070906574e-03,3.732645236760349320e-03,2.649898356431639335e-03,-4.780554576366042793e-03,-1.113728772570279218e-02,1.173502406004580181e-02,1.926480896703415199e-02,-1.717982625104107902e-02,-8.859410567652964419e-03,1.175701679512728554e-02,1.664182478527880460e-03,2.090521513918849883e-03,2.798326286655857214e-04,-2.560009719754954838e-02,7.144860904310684768e-03
3.243960522761939191e-02,2.668913883667558759e-02,1.607899028478955786e-02,-7.115636302865540642e-03,5.850946248358328793e-03,-1.954571183260255494e-03,3.465202976648438897e-03,1.108653766358211334e-02,-1.424516188415860148e-02,2.301419835715715512e-04,-1.478608479100445086e-02,1.253628750171148498e-02,4.209532130387162209e-03,-5.289892357257118885e-03,1.275261200090798287e-03,-6.468990206434061668e-03,6.774469325482018051e-04,-4.183912616562025961e-03,5.986944164906775855e-03,8.150517637691949077e-03
4.656822480498375161e-02,9.254267516385189865e-03,2.296307719208492623e-02,3.211453127378464251e-02,2.092127466592704627e-02,-1.871059464876486181e-02,1.300349295923625657e-02,1.892381525085846949e-02,-2.909860505952091558e-02,9.668812670696616887e-04,-7.020136625393560460e-03,-2.018265270480332999e-03,3.384922432523466973e-02,1.391047308375050438e-02,5.739504117256524242e-03,3.000502498672707671e-03,2.126126421153850046e-02,-7.852055493426617419e-03,-2.135157554311175807e-02,2.268050000378174849e-02
2.821477699323225383e-02,-6.318961040271638130e-02,-1.303569705237637155e-01,9.110891767003011232e-02,1.754283185800828426e-01,1.306934715687067261e-01,3.836842795282199153e-02,2.916248854995994594e-02,1.135128265773886064e-01,-1.817052951383913914e-02,-1.117890676791462173e-01,-6.710389973914825112e-02,1.248245939321276643e-01,6.107559478009434370e-03,-1.213065257674274255e-02,2.148557627535125844e-02,2.961795773061514682e-03,-7.742370014131996769e-02,5.458248578923437233e-02,7.618297867213938424e-02
1.178141602890208500e-02,1.081678566688825532e-02,-2.298231012195662420e-02,2.532094416649234223e-02,-2.410947196427305934e-03,-4.428331385730096929e-03,3.340791337339505795e-03,-1.570744781580884217e-03,1.101158074180203124e-02,-6.107597900734484594e-03,-2.327590066518520334e-03,1.568217842505737706e-03,1.559745971269803182e-02,-8.667325983348579677e-03,-1.141065890274894218e-02,2.516463567585362424e-03,-4.060243377299744237e-03,2.540324051659579880e-03,-7.637075251292453973e-03,4.464003752046585838e-03
5.486230090779021379e-03,-3.660889040049893767e-02,1.883857460006548024e-02,-2.464254717532765246e-02,4.495108733702052502e-03,-3.128468588847794357e-02,2.790177899912292883e-02,6.021287233489019952e-02,-1.076015074100601134e-02,-1.133397606677271317e-02,3.662543633436556034e-02,5.198527898829175681e-02,3.382838594650335040e-02,-9.676289667328433208e-03,-1.007299510516418417e-02,-1.222180040792083264e-03,4.028115252101448912e-02,2.995844187805629666e-02,-4.569281358132372406e-02,3.276690529250270850e-02
-8.463038630615014879e-02,-1.105966990059611965e-02,-6.287896361455000763e-03,4.726480916427244772e-02,5.241222588543501676e-02,-3.723194056607135455e-02,-1.151835036993852091e-02,5.431703097404039227e-02,2.822073321466724016e-02,-4.894265429546026946e-02,-2.965996670871337906e-02,-1.469164216027052904e-02,5.675055090646462241e-02,1.989779715036687699e-02,8.906015125783454597e-03,1.705459337989495214e-02,6.703114484449063798e-03,-4.447824148360261104e-02,2.095038579082403665e-02,3.490057912846408067e-02
7.838733968829105989e-03,2.002130147065111707e-02,-1.422239973004181882e-02,-8.729042396136003131e-04,-8.203335194614530188e-03,5.249768170527639895e-03,7.040996181619411454e-04,-3.368504009034901936e-02,-7.654924684328077295e-03,-3.896584446121663728e-03,4.110004230269941571e-03,2.049622939703187388e-02,-1.010650779651738052e-02,1.298110309169262996e-02,6.409976464819106337e-03,-3.657589213214026882e-03,-7.756695615488608080e-03,-6.247026327116423500e-03,6.870950731972212677e-03,8.966624293872469190e-03
3.721683467472591128e-02,-2.720530869587751630e-02,2.764260515789784822e-02,-1.276299102990811028e-02,8.679778762423390887e-03,-4.478953356614584491e-02,1.061629966405220997e-02,-3.059358634570591082e-02,-2.190631402106940281e-02,8.697421719297831685e-03,-2.976266337921059865e-02,-6.255631744737122878e-03,2.144029766386728805e-02,3.845968943004115376e-02,2.164716983299369915e-02,-1.469312589490080192e-03,8.394883734807128892e-03,-2.183896372757206800e-02,1.662181730335603874e-02,1.786760799006349015e-02
2.393355877032988729e-02,2.908156086336479568e-02,4.396834630786909648e-04,1.839864078238695119e-02,1.666321443289477122e-02,-6.269495877983081999e-03,2.482193885707551645e-02,9.327565633518997146e-03,-5.315495714600419579e-03,6.299539716362056313e-03,-4.669412194551274785e-03,-2.135208434527479521e-02,8.927951686160255293e-03,-1.128704565698743917e-02,7.081716864615844684e-04,4.695985797828206021e-03,-4.981259548348285215e-03,8.015531618539580667e-04,4.832328502502503467e-03,7.094318239655975251e-03
-4.417582354472585071e-02,-7.309595652820227718e-02,-5.508411234080741285e-03,-7.603304036468801208e-02,2.783243695551635907e-02,-1.440467221784976978e-02,1.898904077623908213e-02,4.351120179296517725e-04,1.029038142143502525e-02,-6.464127545076513506e-03,7.447850706662401121e-03,3.281669334137703870e-02,-3.554613154061492253e-02,4.281442691364865938e-02,6.285832750418644636e-03,1.389692560995857765e-02,-6.895675333962741557e-03,-3.430654425829932769e-02,-9.951187962866776121e-03,3.427837577642544459e-02
4.073951618109525330e-02,4.370026810394373080e-03,1.694253732392702119e-02,-9.068066779114362930e-03,7.468890457808895211e-02,1.248279968248562286e-02,1.483372694184945453e-02,-4.734028711863916966e-02,-4.909753415274775712e-03,3.465465146682961822e-02,-4.207041915277774657e-02,-2.263793098115754465e-02,4.504252908023385210e-02,3.683705151936204902e-02,1.388874415724956901e-02,3.266829006043379946e-02,-8.429176045612232770e-03,-5.261658542902126340e-02,1.498743733722028917e-02,3.364979132114000876e-02
-3.067653465457787984e-02,-1.662088773231813407e-02,-7.765663995579479874e-03,-1.974218357990503714e-02,2.639699057780604471e-02,-1.981057091686875063e-02,5.803656109392233038e-03,9.766397022340630660e-03,-4.743604860581710631e-02,-1.689920454739325326e-02,1.596713153786634767e-02,2.504859212749666747e-02,4.269051701678208861e-03,6.243669365653009042e-03,-4.137372686756468805e-03,1.774697925619880129e-02,-2.008260977142842935e-02,-2.196750248330854235e-02,-1.812480536464847192e-02,1.563004544074820396e-02
3.670206592482455621e-02,-1.603757566849606242e-02,-2.955009183249008783e-02,-3.956967412824009128e-02,3.149808373053198524e-02,1.143977704682684442e-02,-1.004716604627180210e-02,2.511786866182137354e-02,4.260937081790219794e-03,-2.032753960563889184e-02,2.669897195089356717e-02,3.123174139335937322e-02,7.268578685957376335e-03,-9.826613516354281916e-03,-3.204812965662257040e-02,1.134547871590140845e-02,-1.786058693965086180e-02,-3.259874896731272675e-02,-4.587164619866367088e-02,2.942324421447716637e-02
-2.213480777736271873e-02,2.479343937233645934e-01,-7.160642009900698712e-02,1.691759442754454945e-01,-3.273531429602885567e-01,-5.262113629928201197e-01,-4.578354360950124269e-01,1.628772850581098053e-01,9.458431928450533599e-02,-5.786821359182260649e-02,-1.885563076249796230e-02,-3.686067492023720887e-02,-1.500763176365787327e-04,8.033757637336487456e-02,-1.320563934616621367e-03,-3.266902359942559612e-03,-1.346865742848617729e-02,-1.345630683869299404e-01,9.022221321267666350e-02,1.740362680290089281e-01
-1.248102376089222643e-01,-9.145724553107621724e-02,1.958200317119619949e-01,-3.266204981380282230e-02,-2.160389824270083844e-02,-3.473236210999298967e-02,-4.457918570787739593e-02,2.749596716247611899e-02,4.901743077480692941e-03,2.335886125036952185e-02,-9.332496752078188462e-02,-1.889976288835575335e-01,-1.943432314915484738e-01,2.827848224587619086e-01,-6.610830489441317515e-02,-1.270452576723134219e-01,-1.095853595183540335e-01,2.157581576207371621e-01,-6.087504832888579465e-01,1.238885926871491627e-01
-5.615853821655550360e-02,6.658693280926626656e-02,-1.518520485437736128e-02,2.547641222778279993e-02,1.426141278402555390e-02,-2.633761453403858643e-02,2.547355744338959671e-02,-2.512866829749057715e-02,-2.987103455618958861e-02,-5.199607324608861896e-04,1.153546473868711196e-02,6.758396548777508960e-04,1.857981782721165528e-02,2.682135861374687277e-02,9.004997296937424997e-03,1.072213843940508608e-02,-2.272895021075958810e-02,-3.113929219344483898e-02,1.627074456820331791e-02,2.824423132335900088e-02
-1.155948505459610809e-01,5.764791825794814487e-04,-1.246431696827973376e-02,-3.743540220133879243e-02,4.795522266526406827e-03,-3.882801328027801063e-02,2.219461324412476746e-02,-8.559278578482121258e-02,1.547614835377050108e-02,2.325221478481834941e-02,-2.972260907133749200e-02,1.799477383538332451e-03,1.412982577832096361e-02,2.343666214866718320e-02,4.480059774424578756e-02,3.438916017533865527e-02,-8.018629309605196723e-03,-3.778764179203236012e-02,6.246603609849150224e-03,3.743752425229953523e-02
7.687872028219280840e-02,5.307005330851996550e-02,-5.857539594472670197e-02,7.152459988714925110e-02,1.022868011207370836e-01,-3.919728113293664828e-02,-4.283679614351924153e-02,-4.475113545014848537e-02,-3.117660481825545570e-03,2.354065592368395979e-02,-5.782795875142553166e-02,-2.758715412869850239e-02,8.099407040925379886e-02,-1.059272670480851386e-02,-2.064641697213994570e-02,3.541017688005125563e-02,2.502217498946039675e-02,-8.081516976437659594e-02,2.104066617144115595e-02,7.840088837277153777e-02
-3.043145220832883108e-02,-5.141804571262470307e-03,-4.913760719935682947e-02,1.187627130920627244e-01,3.465111335733808001e-02,1.664015892453589787e-02,6.863129384464211613e-02,-7.457433445845891573e-02,-1.495431509968099190e-02,2.297699746635162299e-02,-9.786539104788436957e-03,-4.817682937775362439e-02,-2.350341858923538779e-02,1.048622879956699616e-02,-2.698705974865595394e-03,4.743347259511738329e-02,-2.367565007451051529e-02,-6.434978636475462144e-02,1.273617042697622673e-02,5.065851333399160744e-02
1.370783335910632193e-02,-2.305831476960761017e-02,-1.494361733883971255e-02,1.211441218840953078e-02,4.577538231371388114e-03,1.808199687740627212e-02,-9.676551938042898815e-03,2.703745113413570655e-02,-7.156892747924523297e-03,1.171936804875825218e-03,-1.399019516682256485e-03,2.377857974318199966e-02,-7.322838371984169946e-03,2.637885555717736988e-03,-9.754128016116523844e-03,1.175830731439753314e-02,-5.015728578832011515e-03,-1.088608472800716744e-02,7.217589395108311469e-03,1.202668098579699751e-02
-1.715773050629697608e-02,-4.124079790449070027e-02,-1.566951366664126599e-01,3.092152193400583837e-02,1.543803074991729474e-01,7.330745519229233884e-03,6.327387282321780826e-02,1.154356669929689286e-02,-7.488440880127238131e-02,5.057858015331374857e-02,1.167739262112902666e-02,6.266618535406595636e-02,2.836766247169035179e-02,6.017355969739548310e-02,1.649017769624785967e-02,5.475458380612751447e-02,-6.676483754324002984e-02,-5.742242277762588110e-02,1.291561893028064269e-02,8.861379301370475581e-02
1.046390056820173109e-01,-1.383017766051470275e-02,-4.214461032404875906e-02,-4.579210598459589748e-02,1.192898883147682360e-01,-1.151695788063824832e-01,-1.149526551008875526e-02,6.047434977266331196e-02,-1.162415073131424226e-01,-2.659121240947517548e-03,5.496741122195951575e-03,8.522915318810549146e-02,2.991134676754311425e-02,6.624420181591954282e-02,1.641686817157613984e-02,-6.665042053331918020e-04,-2.531645512314300780e-02,-2.311604838941141646e-02,9.185924448366399389e-03,5.711458300041725999e-02
1.367327445754900339e-01,1.397034499531872309e-01,-1.554826338159044918e-01,-4.704860861136881366e-03,-1.410431901221733363e-02,7.631670850794185224e-02,3.181109565044715759e-01,2.090002436113846396e-01,3.188062571608421547e-01,-2.824637166558414680e-01,1.636923345067381463e-01,-3.565299433537956475e-02,-6.480166215461763413e-01,6.201810955394965880e-02,1.906620252819536399e-01,-5.781848948951080758e-02,-4.609731719701414508e-03,-6.100898087720765806e-02,1.224569384474410993e-01,1.378507349855911113e-01
-7.771622965382332833e-03,4.701126842263998046e-02,6.363734323649822278e-02,3.603874974812457804e-02,2.812502587802766935e-02,3.479916415073702751e-02,-1.922884017986314573e-02,-9.408387148640209863e-02,-6.820960866738505664e-03,3.989682233844623477e-02,-2.846211793892645600e-02,-3.103123383465423296e-02,1.953101439875002147e-03,2.293905504230563108e-02,3.854431333724446518e-02,-1.752916908783836792e-03,-7.004993450429685894e-03,-4.225582362824368415e-02,3.476709135494364562e-03,3.237340730477349104e-02
-6.784763126131321612e-03,-1.371430789141931360e-02,2.566195456745046580e-02,2.047128278104181839e-02,-1.965141882635948467e-02,-8.521378156419675415e-03,-2.137294777194139427e-03,1.127568042993201507e-02,-4.245206534044513452e-02,-2.850266315980689788e-02,3.784056528627784827e-02,2.273147507586347968e-02,9.338230757916347186e-03,1.747598214717713608e-03,1.398887183149147111e-02,3.399705937770813088e-03,-9.812837400371173316e-03,-1.020398632104419293e-02,-8.307784517337483965e-03,9.007722722306562776e-03
3.561582727061142484e-02,-2.186955479286216072e-02,-2.436815371350135179e-02,-8.717686792914533609e-05,1.797715090243486719e-02,1.090966387038814697e-02,8.779903372821152565e-04,3.344585664708538825e-03,-4.969209839036833540e-03,8.831055951561949660e-04,-6.983327064023894803e-03,-2.652664328423942446e-03,7.038112556232952073e-03,2.991741234717554872e-03,-4.007791536488943679e-03,1.778364959823855451e-02,-2.469062451650240377e-03,-2.488179304881273785e-02,7.071413781459513770e-03,1.326975595136369555e-02
2.676456306313457906e-03,8.947365082923749990e-03,-5.860022918889205498e-03,5.366421461476149520e-03,1.101104127138048845e-02,9.897998543855516043e-03,1.103734328206314175e-02,1.055149263225662291e-02,1.092892063177988010e-02,-4.520531832068651334e-03,5.636358024387329996e-03,-2.573521787030918356e-02,3.471861618026184093e-02,-4.924323976839357908e-02,5.642179649203938642e-03,7.974385683140973111e-03,-7.036590903035592169e-03,-2.770540395963032483e-03,-1.184330147809194850e-02,1.066528172310040462e-02
-8.467214653156392157e-02,-4.790935107509069341e-02,-4.072004633031914983e-02,-6.965145013744129809e-02,8.057016444531663046e-02,-4.599102258370092039e-02,-2.730131693831312073e-02,5.391242043146837748e-02,2.156444500679685627e-02,-6.457719109076659469e-02,3.792791205869805449e-02,7.517363632805547369e-02,-8.551774082346939865e-03,-8.703439389294134743e-02,-7.078393696978428629e-02,3.628365710712008751e-02,-3.022282824872541546e-02,-2.413752235204410374e-02,-9.576539761844196641e-02,6.080347492283245253e-02
-5.261235434160706909e-02,5.241038424116274685e-02,4.507827972317705184e-02,1.193484941476663647e-01,2.300249456173674920e-02,4.181725899692289444e-02,9.257385197226699084e-04,9.816982960560111104e-02,-1.437865339033899681e-01,-1.170516823814408691e-01,1.491649590609186449e-01,6.412635274397399110e-02,5.904130101370569372e-02,-4.234972922834414483e-02,-1.335097861679971493e-02,-9.416318467757400432e-03,-2.372407351979212778e-02,-5.313169780338616172e-02,-3.952435772693310700e-02,4.543367217072579595e-02
1.415539314447029351e-01,-7.197802560050324538e-02,-1.790367403064647700e-01,-2.222445799733538049e-02,8.792445251889823010e-02,-3.130799896179051189e-02,6.548631372026804398e-02,9.476779237925005150e-02,-1.100475055469754132e-01,-2.305409606671379730e-02,-2.962166747440686879e-02,1.316164171840034092e-02,8.667924938323987027e-02,4.524046330086096274e-02,-1.762978358559134755e-03,6.577980946957830491e-03,-2.553436388215971423e-02,-6.163808798691393365e-02,-1.496471380124964404e-02,7.951444688959702356e-02
-9.424884905905189791e-02,6.038479880224364993e-02,2.141972565362476599e-02,6.454010893070451227e-02,5.561254080770496738e-02,2.105431826693611452e-02,-7.719652422050922447e-02,-4.029042041008557007e-02,8.449209299556614816e-02,1.118043634401477866e-02,-2.585428687090339864e-02,-4.265318072519722753e-02,-1.708648685762400449e-02,2.914292027263381407e-02,5.992705212242505769e-02,1.806133105060703931e-02,-1.925724415171550102e-02,-7.761897460649255787e-02,-2.431700910864891072e-03,5.329965859999431788e-02
-3.470721510639034058e-02,-4.823681438303290166e-03,1.627550464276657227e-02,-2.483883001621067441e-02,-1.397410727527817823e-02,-2.764857421987215388e-02,2.000729360786066696e-02,5.484643155212453117e-03,1.369776428450777267e-02,-4.282293109179063743e-03,-1.413417551203467216e-02,8.237755856472352492e-03,-7.315734796771476006e-03,2.552831102456310994e-02,-5.368893894181362217e-03,5.878271555855171804e-03,1.760827990414319533e-03,3.960446099612476532e-03,6.756121917397188079e-03,8.761598876276572787e-03
-6.864859300650021090e-02,-1.457835143516021496e-02,2.421722695860772240e-02,7.687990254474363037e-03,3.652695227100244066e-03,5.214532482395973882e-03,-2.772731309644273223e-02,-2.403794773999749085e-02,2.794156409609784356e-02,-3.422384800330080089e-03,-8.963244138812944198e-03,-3.810688697286974697e-03,1.343173613477163103e-02,1.098711598043435392e-02,1.801427928016810162e-02,1.180983099822372970e-02,6.794340933779749112e-03,-2.401838054298323713e-02,1.519077493608403731e-02,1.824986006872517802e-02
1.448855559421335579e-02,-2.520895239016448033e-02,-9.947127764792314600e-03,6.100439567033526071e-03,9.414805432381654834e-03,1.579540259553826806e-02,-1.168824807438285235e-02,1.113184590845964217e-02,1.981106185450615120e-02,-8.409191809802107204e-03,7.380252207482675478e-03,2.254620696684244557e-02,4.221429803229296944e-03,-7.407391715745731929e-03,-1.144377914730229304e-02,1.376249427886981277e-02,-1.896799182341561349e-03,-1.477590069365288319e-02,-7.829590673219373681e-04,1.430388936382552025e-02
4.850471727543184675e-02,-2.602195217105474773e-02,-1.024142089043187341e-02,2.894609677246276838e-02,2.575943162472512250e-03,4.591039485640382826e-04,-2.166116098073778314e-03,7.203491790125548556e-03,-1.807952414083843773e-02,-9.973270247637009648e-04,9.718173949032484632e-03,-8.607086626546721960e-04,-7.900585548969210267e-03,1.739849104393297735e-03,2.253668961036860846e-02,-2.845578404049125404e-03,2.823452732855156067e-03,3.544894044176255792e-03,-1.794742047869051600e-03,8.022602265250037418e-03
2.978271620094996401e-04,2.373234297270019038e-03,-1.762569078592999584e-03,3.361864463896953401e-03,4.811120918543864669e-04,-9.844136688745184442e-04,-6.034370986761626891e-04,1.111644896155620805e-03,-1.080102439605640620e-03,-9.740089824837015482e-04,9.588111300999916037e-04,2.775789160539659768e-04,8.124162031819290135e-04,-5.313694084291748811e-04,-3.795156597352124521e-04,4.299799949792741129e-05,-3.024020961456413167e-05,-3.102950989185462968e-04,-2.257950597611436678e-04,4.793855249060287636e-05
9.103775635424647683e-02,-5.266233176469827838e-03,2.392898935335768459e-02,-6.243644588378360893e-02,8.669466405734864434e-02,3.862585869903843727e-02,3.540998129158577645e-02,8.841761650721591259e-03,1.355691157548115193e-02,3.829568588980829247e-02,-4.074726243265009568e-03,-1.538587639904082441e-02,-1.685776727076125636e-02,3.208291296684458865e-02,1.899682011685933231e-02,2.826135405278846959e-03,-8.919160122375174859e-03,-2.340859314899125521e-02,1.249323257824808305e-02,3.103999252310432957e-02
-3.078980312642529745e-03,1.520651887537958005e-02,4.460972703512846443e-02,-1.455438266639856246e-02,-1.880409744243076442e-02,1.990556666849626136e-02,-2.218917413781808581e-02,-8.624832273080287881e-02,6.906313085278885378e-03,2.106025135996520900e-02,-1.319091010932855502e-02,-7.890130659030640536e-02,-3.446899684898833277e-02,6.021059375315974960e-02,5.336309030138163684e-02,-1.960275231328051371e-02,9.352942509229448045e-03,4.456237468054283224e-02,-8.476479769263157993e-02,3.782286048733370792e-02
3.577790347101210411e-02,4.773341292931240071e-02,-2.633496584113360559e-02,5.629591302616239468e-02,-6.233809834735984379e-02,6.086451958532042295e-02,-1.686099352415011340e-02,-5.839893312817708709e-02,-6.429063154250243273e-02,4.393179278733534698e-02,-1.404332661063290716e-02,-5.540019185871363633e-02,-4.565540841373963432e-02,-3.625517498346755851e-02,4.576574293319801007e-02,3.135682360345650593e-02,8.786101197807391280e-03,-2.604384337459945617e-02,-2.479866182608723123e-03,4.453420337848910254e-02
6.899570757415901534e-02,-1.304837775300452668e-02,3.040365818228762951e-02,2.744666430014474842e-02,-5.494915511519954388e-02,-6.613436147615615358e-04,-3.124329660150335433e-02,3.161503486726176260e-02,-4.292358735096750422e-02,-1.511257639962748124e-02,1.656277865544663122e-02,-3.185202384279107318e-02,-4.960103956462466948e-03,-3.674477188600875147e-03,3.750034599790828187e-04,1.251362738918475152e-02,1.602720274168257727e-02,-1.545317638766301703e-02,-1.062548953398699363e-02,2.956795328688564817e-02
1.659486764117771782e-02,2.713868372368018547e-02,-1.380007811416407090e-02,-1.799748023831973607e-03,4.569492764060559958e-02,-1.453363744264518989e-03,-4.722704132091891556e-03,4.389839083562667443e-02,-5.129417066646708989e-02,-2.701259683544380424e-02,1.404714305935713878e-02,3.713736794079772890e-02,1.258916565711979546e-02,1.372700111030859772e-03,-5.304752727673923106e-03,5.540969941820544052e-03,-3.451606844581190433e-03,-2.464372591497943424e-02,-2.404705347831481536e-03,1.634496256081946833e-02
2.204692522534552196e-02,6.403314884652146904e-03,-2.354457087261791620e-02,1.081350414772176520e-02,9.437193748569352308e-03,2.753445558674172053e-02,-1.672129964958668155e-02,-4.854226028058358788e-02,3.442543313048965908e-02,-7.408307343638377996e-05,2.689410961256843632e-02,-1.097780942547530066e-02,9.939767773950700797e-03,-4.302538823953972608e-02,-1.369247328068627124e-02,1.084380059417960375e-02,-2.111674176208344980e-02,2.336813233780042718e-03,-3.404168400497196122e-03,6.741768941171333122e-03
-2.366802963229898069e-03,2.089405636397781429e-02,6.842112207608769606e-03,3.312617577127886619e-03,-1.573467285896951867e-02,-2.537180630386426383e-02,6.649956215699827193e-03,-9.965314585296805236e-03,-1.344549550638686648e-02,-5.241198397199314102e-03,-2.869199263570966843e-02,-8.675616891563270403e-04,3.042609439880934567e-03,1.750230204458271335e-02,6.258377499676738218e-03,1.465504856172333836e-03,9.713574501995145966e-03,-8.098459860524733628e-03,8.529336405429776766e-03,8.386974633234609011e-03
3.987164276979987543e-02,1.067632687939238656e-01,-3.561325539696843373e-02,-8.480805006884874209e-02,2.135191483931737910e-02,-7.390024613802049364e-03,2.621884542362625317e-02,1.891619800130147776e-04,-3.512285448834690654e-02,4.989548066298379013e-03,3.307575951079441690e-02,3.720328381822509550e-02,1.419847776382796890e-02,3.102435504738855140e-02,2.020644177662536418e-03,-3.769443079896162008e-02,-2.348977997070970242e-02,-4.583686321264555247e-02,2.187537510153058501e-02,5.214593039701712757e-02
1.555968792177726432e-03,-1.032630620003606101e-02,-4.963689374536111448e-02,-1.234711797830165096e-02,7.865920221542458193e-03,9.730497453285635867e-03,-1.222892515988187236e-03,-2.821749933011100803e-02,-4.731931284179647507e-02,-1.321955398583662955e-02,3.683441812720841813e-02,3.869937257888808602e-02,9.022760781422342960e-03,-1.667374309876682240e-02,6.153890347963703392e-03,2.846769858877566152e-03,8.836774333829060246e-03,9.618663263106586384e-03,-3.353341980670410810e-02,2.770981378375379084e-02
-1.460278026708365928e-01,1.549951194544132993e-01,-6.650731614672467096e-02,-3.155720446431742321e-02,8.309018627012311475e-02,-1.009340115040771070e-02,1.511876769856938633e-02,-1.099205389617712997e-01,-9.461979686376063847e-02,-2.849960379874129715e-02,-6.332355382483351863e-03,-4.610335233318869214e-02,-6.102165369146350313e-03,1.129402815448056659e-02,3.148829957914593691e-02,3.154812754658855439e-02,-4.063589106400133932e-02,-5.427222146938598391e-02,3.353765939031205096e-02,7.438370936106032671e-02
-7.093926016657393745e-03,1.523895419722897347e-02,-1.359323342657883793e-01,5.852083966062155557e-02,8.258635646333225503e-04,-5.563014969589287484e-02,8.946473400482873872e-02,4.858784722875392204e-02,-1.060048665208037505e-01,-4.876148340282122212e-02,-1.362891115452189925e-02,1.892640690344137705e-02,1.844262084994277226e-02,-5.976025880485669184e-02,-2.758733098421643770e-02,5.133440790541101556e-02,-3.139583118323736270e-03,-3.708851578501784485e-02,-5.260778994583342749e-02,5.207175220951258676e-02
-9.446724168130719509e-03,1.817832399973454485e-02,-1.444189966568500995e-02,-1.685309012697139286e-02,8.596052487924726523e-03,-9.278746968472421225e-03,7.615567315972792371e-03,-3.603502379814337714e-03,8.233499683319073226e-03,-4.085329921955908709e-03,1.437560724833802928e-02,5.598881548726196422e-03,1.028058995105554825e-02,-7.854399898004058023e-03,-6.891608081323868235e-03,9.735326664319433540e-03,-4.666247910047723046e-03,-2.119793994023988146e-03,-1.169361091266953034e-02,1.136659038662415390e-02
1.539738810560387638e-01,3.929771269481485696e-02,-3.524088248810973434e-02,-1.683773082692918222e-03,3.634250997754257667e-02,-1.451314902050555508e-02,3.494887928941196181e-02,-4.322470054950043605e-02,-3.869567064846997362e-02,2.091478558658913661e-02,-3.331819901381045251e-02,1.863476033504304907e-02,-1.087792237973123598e-02,3.860326349065381496e-02,5.080019047157035943e-03,3.178715001302991061e-02,-8.868064490586703361e-03,-4.480402848211843120e-02,5.345766596306101778e-03,4.357679037079550954e-02
-1.083775732371637240e-01,1.944642954375734242e-02,1.864107820939495385e-05,-2.808346657311948033e-02,9.505555695979387570e-03,-5.724495220680885649e-02,-2.966993873356684602e-02,-6.612850582826670931e-02,-3.605757285970385279e-02,-5.247230717086295154e-02,-3.297639344531897582e-02,-2.884281479580863561e-02,-1.130327332363720814e-02,3.766129018167810316e-02,5.713853911252556039e-02,-7.105935968061021825e-03,-3.388638349498387502e-03,-1.204432735263346980e-02,2.315490027838455062e-02,5.416895578498901603e-02
2.523911459061402643e-02,-1.567222014803011957e-03,-1.060322295266984648e-02,-3.524820815628923465e-03,-2.553549358686279039e-03,4.482164001727230625e-03,-9.865382005799093641e-04,-1.747826299098639499e-02,-6.784172649076894868e-04,7.022273987813697042e-03,-6.404528369083983472e-03,-9.409415614121748213e-04,8.379342003665664687e-03,-1.802200424324300256e-04,4.329334966419263520e-04,5.483992495721881980e-03,-1.018362584423220408e-03,-7.764138382402503182e-03,3.163289815753458364e-05,4.612947316430584047e-03
-3.708004185912081030e-02,4.667143222299758448e-02,4.465247599224049166e-03,7.061288916304946095e-02,-6.651884475402478070e-02,3.881060742103222688e-02,5.988472745423707028e-02,-4.160037174461930776e-02,1.985575198660657903e-02,-1.502752544441230548e-02,-1.484163294616798988e-03,-3.010127333500371358e-02,-3.111513988571260395e-02,2.929324190444533918e-02,3.308553737226222619e-02,8.635244550445567852e-03,9.426121778833382314e-03,-3.623067946599330819e-02,2.454811649477474725e-02,4.737672279962413385e-02
-3.912765123185830973e-02,1.774112303467002480e-02,-7.277449138751596221e-03,-5.950690032158856974e-03,7.628655776129898225e-04,-1.577081019456073397e-03,-2.991966541196745821e-03,-2.735634700191719518e-03,-4.502920640892979845e-03,-7.112430816182734560e-03,-4.159086539849125679e-03,-1.143514231944674046e-02,-1.219525225425946435e-02,1.511662058383809494e-03,5.046511987104060869e-03,1.137136807234958441e-02,-5.377691314789749370e-03,2.553591799075578296e-03,6.394240783618756509e-03,3.048345757592683079e-03
6.125141288745371108e-04,-1.460116550201994573e-02,-1.825824448859620502e-02,5.425854950387268283e-02,-4.122862467409616621e-02,-1.327090870461629900e-02,3.984788313095556644e-02,1.397860658900138128e-03,-4.639574517203008674e-02,1.988403746516827914e-02,6.435033821607246372e-03,-2.197148979211312886e-02,4.804221759549558851e-02,1.682718628934424046e-02,-1.021461697882345906e-02,3.674232680016148358e-03,1.445909351119950038e-02,-1.007576701449379962e-02,-8.412484485394356240e-03,3.773956809366214860e-02
-1.812034266128355678e-02,8.972584822588919318e-03,3.772241678938771485e-03,-1.568296420285179155e-02,2.032078141513436048e-02,-1.454424809540676850e-02,-9.652465191237068545e-03,4.175324025071628156e-03,-1.001647686802984404e-02,-1.020812052325860420e-02,6.481994442276511892e-03,-3.071756101165965935e-03,1.048882515273878366e-02,-8.090953596900844411e-03,-2.229644416426355882e-03,1.021561939170607079e-02,-5.450053023708328166e-05,-5.997785608215262278e-03,-1.006305261863324647e-02,8.101080377539813734e-03
4.528743246316323939e-02,1.547898611512752570e-02,4.709548370732366540e-02,1.313824166615578347e-02,-5.988473169284762006e-04,-1.332383492680789053e-02,-5.223784479949437204e-02,-5.255981853045062213e-02,-2.729164272727825288e-02,1.417902696476465961e-02,-4.070001903359222323e-02,-3.603036785926993363e-02,3.701871773391446612e-03,3.934744615444372290e-02,1.808555061207308204e-02,2.267722519923772578e-02,1.095191726060655568e-02,-5.361972295477473310e-02,1.111550509689505223e-02,3.435003184910354057e-02
3.523075526058551399e-02,1.643093616064901855e-02,-4.267630057938438456e-03,1.917842168550681556e-02,2.102486394708511300e-02,5.855548192657087682e-03,1.278225972230779411e-02,2.854811882895160044e-04,-2.731047770837758196e-02,6.888976052459108886e-03,9.624299337806644424e-04,-1.395362664173281121e-02,-1.534454827985821598e-02,1.379192946859070408e-02,4.733887409544692421e-03,1.165035741163635528e-02,-2.428699830594708772e-03,-1.831634566430999020e-02,4.941302776806229431e-03,1.316918205547607315e-02
1.490240017374654460e-02,1.329788179535106585e-01,-1.006012128378331871e-01,1.940036411478829048e-01,3.186966918728115911e-02,-6.564271102847915595e-02,-4.281008473853554347e-02,8.146520466813463035e-02,-8.161799418130845363e-02,-8.446531565072774861e-02,8.621840767079172463e-02,2.678166427352100809e-02,7.974446665222555131e-02,-5.954975609286553700e-02,-4.639366643868193807e-02,5.655886284224001699e-03,-4.169715081769147062e-03,-5.074108209541235148e-02,-4.909631322682291715e-02,4.858069219277413170e-02
-1.348383252621749573e-01,3.549364650507887825e-02,-3.527985532624976911e-02,2.783101751843974556e-02,5.379683450187225380e-02,3.990900085174057393e-02,5.297001049961007520e-03,-7.219202447359966690e-02,-1.110744210308122447e-02,2.015731447874835255e-02,-4.955248626897084535e-02,8.007147047939500509e-03,-5.747250836629707541e-04,1.972704636453673915e-02,4.723398833654151446e-02,6.864675503264269785e-02,-5.060984609501148479e-03,-7.300846062763094446e-02,3.372359609199440666e-02,6.801889553709661307e-02
-7.250538112419929867e-04,-5.841009532224471223e-02,-4.260024841842079829e-03,-5.031625988203457939e-02,-2.489432004794909364e-02,-3.973094741539728164e-02,8.632361305860807021e-03,4.739661949148374354e-02,-2.699466646811281290e-02,-5.041463090082328596e-02,4.915765502485514027e-02,4.977960597118098740e-02,9.396788156139018050e-03,-1.824008197972050438e-02,-8.491313371749506511e-02,2.232568991826841889e-02,-1.926801870463984434e-02,1.248959593049943882e-02,-1.290460139519627736e-01,5.286162616218476745e-02
3.510250944964891928e-02,-5.486257481250906773e-03,-8.564841663129506288e-03,8.317125192927859317e-03,2.131668476252890701e-02,-8.409440391070019697e-04,-1.441022209500858464e-02,-1.620394142385979050e-02,2.980279042087894542e-03,1.710947643081576347e-02,-1.900852044616818323e-02,-1.536380102163117413e-02,1.933339485234721739e-02,1.044476676376024891e-02,1.844982737761622846e-03,1.216849495481404746e-02,-4.403689453648714641e-03,-2.118143122587742150e-02,1.058798783067051857e-02,1.492310711255825234e-02
-7.532902716835888565e-03,1.061689188498546321e-02,-2.245276904217934077e-02,-7.239925330122172140e-03,1.710694803669763134e-02,1.493640966166657688e-02,-6.242560083057677352e-03,-8.204650870880087626e-03,3.570367662054426544e-02,-3.257453772976668521e-02,-2.738238123404932930e-02,-4.171046026250720129e-02,5.567275554249334624e-02,-1.902281997847124831e-02,-1.588069204260224992e-02,1.924111998425419301e-02,1.673464063535744575e-02,-1.459636541042425018e-02,1.438512754939833384e-03,1.502968874930306689e-02
-3.042858080115292546e-02,9.931839351808247063e-02,-8.306056196017777560e-03,6.521390247285731301e-02,-4.498376333524258669e-02,-9.870583296210795610e-02,-6.943810209422901503e-02,2.783499175128791026e-02,2.937433121770450638e-03,-1.977469695743572925e-02,2.464934035271133805e-02,-7.059174693435979475e-02,-4.949636477097376502e-02,6.561819844832657289e-02,2.835799424818345044e-02,4.235077163531248551e-02,-7.835297687156903175e-04,-5.873328992064504039e-02,4.111068848956674765e-02,6.927804941880352785e-02
2.726211881675022139e-03,-8.014649078225469930e-03,-1.638894819100527103e-02,-1.138552792344720010e-02,2.220928843794664834e-03,9.678125561201591370e-03,1.329380034871814435e-03,1.951287045329774990e-03,6.588181777889489180e-03,-1.310543838151350012e-02,-1.027437276909968014e-02,-1.341282185501729493e-02,1.159544708908210459e-02,-2.655486105776822935e-03,-7.941366002335169434e-04,-6.861201104892643982e-03,-2.051526406684843918e-03,1.948699913060419724e-03,-3.499739212588693152e-03,1.823070105236544291e-03
-4.514547793071959497e-02,-2.609733094519030988e-02,2.427682371561699221e-02,-1.381926559450050510e-02,4.542590460932130134e-03,7.107208542533241698e-03,1.076935565032635655e-02,-1.891630478216504985e-02,-1.356444434422621713e-02,-8.643064369990552300e-05,-3.567166563284669863e-03,-2.010130669141038315e-02,-1.741822637469985641e-02,2.302183639084831937e-02,2.109360926714937134e-02,5.848815694365594800e-03,9.630321387685950030e-03,-1.776736294301363428e-02,9.060281808731052502e-03,1.325496377175834108e-02
4.009802086227797630e-02,1.080050747614902384e-01,5.077947320187151115e-02,-2.921443369098970788e-02,-1.031638303604047874e-01,8.588967969532107505e-02,-2.216126640062314121e-02,-1.721764162257267139e-01,-5.786551939131764216e-02,5.476753219870759276e-02,-3.795034696842991551e-02,-3.283396721065966195e-02,-4.976476560993983549e-03,3.234142513787521128e-02,5.555024682158666433e-02,1.457737603359939016e-02,-1.152549245995558856e-04,-3.001766846504054856e-02,2.365803985146990723e-02,4.943761493243850613e-02
6.625044117716887004e-02,-4.513612479206238759e-02,9.774397784610051876e-02,-2.981814507656563307e-02,3.549015934413607236e-03,-2.913472362941307153e-02,-3.085840513729233570e-02,-2.695184655159872655e-02,-1.616961620114453976e-02,1.234390296926412244e-02,-3.654740081094658144e-02,-2.277774371715949112e-02,1.957695679251994243e-04,5.081321468622971432e-02,4.728014984347055777e-02,-1.089790437719194427e-02,1.916641890245469534e-02,-2.764085374710920084e-02,3.211840246938293952e-02,3.542023445066409121e-02
-1.074640366162523709e-02,-2.167093637590644488e-03,-5.872415970941680108e-04,4.056507821783901513e-02,2.404991980542395963e-02,-5.928606572403788758e-03,-3.063671965085107418e-02,4.901767823083547949e-03,2.865574234625908531e-02,-1.071269980582310009e-02,-1.201750802885125612e-02,-1.712534761465704311e-02,-1.913205570969501654e-02,1.589442500909156800e-02,-1.468672191768473183e-02,-4.927566523334491605e-03,-7.263857665369449941e-03,-3.166137221135285201e-02,1.271062736189842654e-02,1.710525176627206156e-02
3.149603315747170201e-02,-1.725131001770487463e-02,-1.342379169837570104e-03,1.189606610506630836e-02,-2.018611644004295047e-02,1.968234069023320348e-02,-1.350725369149787490e-02,3.140916828454375087e-02,3.787290586052929941e-04,-4.014100160499300962e-03,2.266555341977454646e-02,5.170161064601560370e-05,6.818216174683701739e-03,1.536638212253578842e-02,-9.009938284835523762e-04,7.779450654200577644e-03,-8.241801661979237040e-03,-1.384325047799032926e-02,-2.501952361739727577e-03,1.420682630753146262e-02
5.701702980551792699e-02,-6.190386942899971101e-02,5.213592176673245704e-02,4.911903641424846846e-03,1.231738082305259933e-02,9.384587093280855052e-03,-2.097848638824403866e-02,-1.571363744281710842e-02,-5.646099258660669182e-03,8.639504435192386575e-03,-1.643397253116016211e-03,-9.091249540706917640e-03,2.292052638903864428e-03,2.497930266013904943e-02,2.464323010585053181e-02,3.312131370006803077e-02,-6.811192363721911731e-03,-4.711202721979161623e-02,2.232447178838157034e-02,3.347906086416371080e-02
-1.426301827465199920e-03,-1.629807104981040311e-02,-1.054776110622018467e-02,9.566464168993937117e-04,-2.311017571495432854e-03,-3.374304078024144716e-03,-1.061800595251035165e-02,1.391902957947450600e-02,2.242988290206738775e-02,2.271094791219011727e-03,-1.180723386945142436e-02,-1.295643267210358149e-02,1.498202141024919517e-03,-1.545973183611956334e-03,3.685545584817473408e-02,-2.136263197142909687e-02,-4.165856122831113235e-03,2.132127438162970470e-02,-2.535001060265423475e-02,5.199968578586557262e-03
1.208547709574565171e-02,2.278214762651811429e-02,-9.092950086838970727e-03,3.054606171794135502e-02,1.100217594391507490e-03,-2.274680452884991419e-02,-2.029347545237058376e-02,1.796772538113624446e-02,-2.949609544697034264e-02,-2.076821386209487877e-02,1.552065175772700083e-02,2.409583693545536490e-02,1.933916793710757295e-02,-8.823743457080174268e-03,-1.184891618811070337e-02,3.703160004743836879e-03,-1.418440987277711299e-02,-1.310155980113191822e-02,-1.503966943125816490e-02,1.237226854020340508e-02
1.208547709574514344e-02,2.278214762651837449e-02,-9.092950086838930829e-03,3.054606171794145911e-02,1.100217594391329897e-03,-2.274680452885020909e-02,-2.029347545237110764e-02,1.796772538113600853e-02,-2.949609544697073815e-02,-2.076821386209492387e-02,1.552065175772631735e-02,2.409583693545558694e-02,1.933916793710791296e-02,-8.823743457080087532e-03,-1.184891618811064959e-02,3.703160004743862900e-03,-1.418440987277722228e-02,-1.310155980113182107e-02,-1.503966943125793765e-02,1.237226854020341202e-02
2.492945414918699629e-02,-8.433016133860792019e-02,-3.074674532840734886e-02,2.067462255109125957e-02,1.177502097305805351e-01,5.993019783474558965e-02,1.115869119733202235e-02,-4.765432830250043196e-04,-2.193805708188597669e-03,1.482912398919582209e-02,-3.237874006509120633e-02,1.284927067833024905e-02,8.259702467633942696e-03,2.918406034635229185e-02,1.771877049273575325e-02,4.942537999646456209e-02,-7.978415046063494151e-03,-6.811318623247214488e-02,1.447371208460856810e-02,4.745591375881143964e-02
-4.163309982572739598e-02,3.657652302212616429e-03,3.211214032652540129e-02,-9.000286569202450501e-03,3.092845577457702198e-03,1.216207418219872154e-02,2.410523614278788345e-03,-2.533292260848851729e-02,-1.386614470558520003e-02,3.618333464067308939e-03,3.594188449213815782e-03,-1.336807713093683160e-02,-1.726405801229806761e-02,-3.602785759413190594e-03,2.677760622343129671e-02,-3.642844586086531420e-03,-8.435906797469827981e-03,2.139965198172480779e-02,1.132690365274474469e-02,1.203826878844729657e-02
-2.311923541961686157e-04,-1.491505285546073332e-02,-2.258903539843118771e-02,2.604273549611219388e-02,-8.664233275032464168e-03,8.432136803685335094e-03,-1.166373994883753915e-02,1.221603573682893823e-02,-9.199987480017149041e-03,-1.472898087160386463e-02,5.965030671845505950e-03,1.402854562955515097e-02,-4.534866722097023045e-03,-2.624003825591984806e-02,-9.930635473537256439e-03,-9.324613189594203877e-03,1.933675215585865066e-03,-6.062421356215187684e-03,-2.451304678256106123e-02,1.001334372806830450e-02
-1.273528185137917657e-02,2.564301335888995170e-02,-2.509046503224795360e-02,4.019858094481322530e-02,-1.465762413750357034e-02,-1.131309997490864173e-02,-1.646253625003406967e-03,1.900449879028821495e-02,1.566524052360934033e-02,-7.578305828992922509e-03,-9.619773495997968474e-04,2.660326754769525058e-04,2.683396159656456850e-02,-1.829855638283899716e-02,-2.769742200714518307e-02,2.451985340243797995e-02,1.883936014198689043e-02,4.810267947757989292e-03,-5.029282023368551388e-03,1.221265315241241121e-02
3.164200555050538516e-02,-1.575765843812921424e-02,1.058021007372752890e-02,2.412612012672011447e-02,-1.715449265323059930e-03,-5.786449498191227787e-03,-1.929244166813160258e-02,2.988445869541663316e-02,4.658142356055255257e-03,1.077141323383985598e-02,2.306777778092276160e-02,8.245309786160589030e-03,5.883326686182631902e-03,-1.852597494232736258e-02,-2.517860746427152963e-02,1.356887614569475368e-03,-1.036454809966120064e-02,-2.114682218242296737e-03,-4.023215859126693522e-02,1.338057256526685446e-02
6.392995032731926819e-02,1.076569458785840878e-02,2.407822277025873162e-02,2.003004827528018835e-03,5.463149656732651377e-02,-1.588237531575369468e-02,4.755648172762615318e-03,-4.295228548725920498e-02,-3.052139084848855960e-03,2.426540066741345730e-02,-2.073491207455457550e-02,-2.463455088551991246e-02,1.324083502853338166e-02,3.544923417388852471e-02,1.830853899724542433e-02,1.779638676725555507e-02,3.950575520874998088e-03,-3.787199771521417707e-02,2.270130465971394174e-02,2.393596352610891445e-02
4.141013828287633605e-03,1.061306182753585410e-02,1.481049951041589138e-02,-2.802751567759101912e-03,2.134961038040618722e-02,-2.032534884303379991e-03,-5.542001250657996488e-03,-3.853575881071586492e-03,3.021610951251867475e-02,-1.162762640764967124e-02,-2.958885683333048531e-04,-1.139327495174497461e-02,-1.637203160879403471e-02,-2.498402861563777614e-03,3.268869224643761173e-02,-1.111589783978195883e-02,3.630707188831795631e-03,2.419229144456486180e-02,-1.593593969048739609e-02,7.445903802402825851e-03
8.714508086773130064e-04,1.183929829887977493e-02,-8.424688420306863587e-03,3.099431130979493285e-02,3.718476696341743888e-03,1.725943685769605346e-03,-7.073647666899655038e-03,-9.951422729711421195e-03,1.430383823235748843e-02,8.233690054657887697e-03,1.616446269747597378e-02,-1.164769928227254656e-02,6.465894815009600415e-03,-2.736082333896357188e-02,-1.662340800859477344e-02,-4.274237614305185888e-03,-1.541455359614363370e-02,-1.136553553762871885e-02,-1.248385593024503581e-02,5.303207156518705868e-03
-9.471552930378190904e-02,2.480304825365546584e-02,-4.479328599770960456e-02,-3.517064065789780175e-02,1.475418208348259486e-01,-5.424471493448109610e-02,-3.793973512076184024e-02,-7.051627977621423293e-02,-4.007532774119027669e-02,-2.471583024363986983e-02,-3.538972127847742066e-02,6.626990634566251592e-02,8.915169838268337255e-02,3.476059112564679893e-02,5.013760617738306780e-02,6.202713633133260379e-02,1.162719311856753304e-03,-9.827480578139144440e-02,2.604564880888001269e-02,8.846947883432945692e-02
8.029266371452348228e-02,1.749035367013952041e-02,-7.186763824350426121e-03,2.912153674183373675e-02,5.379586928889115716e-02,1.002023266577369703e-02,-1.063209974237138214e-02,-1.796949479614303596e-02,-8.185749522276230053e-04,2.483230977908825604e-02,-2.143978554095728184e-02,-2.726019483723873121e-02,5.228610182986180750e-03,2.267980305150900724e-02,1.123766573993051875e-02,2.931996831430714115e-02,-2.449547588953489979e-03,-4.568857539858899725e-02,1.726743423611663830e-02,2.677545203605282559e-02
-6.249663721882178780e-02,6.397050867835389620e-02,2.764933175086366560e-02,-2.432713504474116537e-02,-4.392757169729606670e-02,3.542768892271173226e-02,1.179463703548226314e-02,-1.152759298631899840e-02,-9.369453547229528861e-03,1.885197914894741131e-02,-1.793617605686863723e-05,-4.223319648391195974e-02,-2.342955421633429597e-02,-1.697451826991936211e-02,3.038503031369831422e-02,1.333386295441200790e-02,2.571289488594517315e-03,1.819244719797743701e-02,1.406850628845919896e-02,1.774761917396385294e-02
-1.270320618553174088e-02,-3.795306233679732189e-02,2.000129349775573925e-02,1.576363901570591863e-02,1.462482005114825075e-02,-6.559202771184673500e-03,1.478231439773086686e-02,-2.273462030088203856e-02,-4.800201803953196844e-02,-3.571448219332433449e-02,2.182998083521618671e-02,7.908732811882434406e-05,4.250976241679155047e-03,1.837028034085001760e-02,2.528904439930514461e-02,8.627631515519307986e-03,-2.417030545012787551e-02,-3.708570387271226815e-02,3.507261643879466904e-03,2.734155798730694004e-02
-2.052342753958053545e-01,-4.602269686931617643e-02,3.562200007292543047e-02,-2.015606807385885921e-02,-4.056937862547833895e-02,-1.544436616669896643e-02,-6.884179066713552037e-03,-8.954921953997703118e-03,3.734266638845282205e-02,1.125269208270287050e-02,1.624569001654117134e-02,-3.586612549131443228e-02,-3.315187085176383303e-02,5.581460059763091591e-02,3.215576358802091361e-02,3.665940644579091662e-02,2.489227543820209890e-03,-3.822932065358717463e-02,2.807067588745586206e-02,6.080395268933948966e-02
